Gender,Married,Dependents,Education,Self_Employed,ApplicantIncome,CoapplicantIncome,LoanAmount,Loan_Amount_Term,Credit_History,Loan_Status,TotalIncome,LoanAmountToIncome,EMI,EMIToIncome,Log_LoanAmount,Log_TotalIncome,Has_Coapplicant,Property_Area_Semiurban,Property_Area_Urban
1,0,0.0,1,0,5849.0,0.0,128.0,360.0,1.0,1,5849.0,0.021884082749187895,0.35555555555555557,6.078911874774416e-05,4.859812404361672,8.674196940225903,0,0,1
1,1,1.0,1,0,4583.0,1508.0,128.0,360.0,1.0,0,6091.0,0.0210146117222131,0.35555555555555557,5.837392145059195e-05,4.859812404361672,8.714731714015052,1,0,0
1,1,0.0,1,1,3000.0,0.0,66.0,360.0,1.0,1,3000.0,0.022,0.18333333333333332,6.111111111111111e-05,4.204692619390966,8.006700845440367,0,0,1
1,1,0.0,0,0,2583.0,2358.0,120.0,360.0,1.0,1,4941.0,0.024286581663630843,0.3333333333333333,6.7462726843419e-05,4.795790545596741,8.505525386548555,1,0,1
1,0,0.0,1,0,6000.0,0.0,141.0,360.0,1.0,1,6000.0,0.0235,0.39166666666666666,6.527777777777778e-05,4.955827057601261,8.699681400989514,0,0,1
1,1,2.0,1,1,5417.0,4196.0,267.0,360.0,1.0,1,9613.0,0.027774888172266723,0.7416666666666667,7.715246714518534e-05,5.5909869805108565,9.170975648453906,1,0,1
1,1,0.0,0,0,2333.0,1516.0,95.0,360.0,1.0,1,3849.0,0.024681735515718367,0.2638888888888889,6.856037643255103e-05,4.564348191467836,8.25582842728183,1,0,1
1,1,3.0,1,0,3036.0,2504.0,158.0,360.0,0.0,0,5540.0,0.02851985559566787,0.4388888888888889,7.922182109907742e-05,5.0689042022202315,8.61993026886735,1,1,0
1,1,2.0,1,0,4006.0,1526.0,168.0,360.0,1.0,1,5532.0,0.03036876355748373,0.4666666666666667,8.435767654856591e-05,5.1298987149230735,8.618485442898109,1,0,1
1,1,1.0,1,0,12841.0,8895.890000000003,349.0,360.0,1.0,0,21736.890000000003,0.016055654695772945,0.9694444444444444,4.4599040821591514e-05,5.857933154483459,9.986812099847196,1,1,0
1,1,2.0,1,0,3200.0,700.0,70.0,360.0,1.0,1,3900.0,0.017948717948717947,0.19444444444444445,4.985754985754986e-05,4.2626798770413155,8.268988209506656,1,0,1
1,1,2.0,1,0,2500.0,1840.0,109.0,360.0,1.0,1,4340.0,0.02511520737327189,0.30277777777777776,6.976446492575525e-05,4.700480365792417,8.375860015299594,1,0,1
1,1,2.0,1,0,3073.0,8106.0,200.0,360.0,1.0,1,11179.0,0.01789068789694964,0.5555555555555556,4.969635526930455e-05,5.303304908059076,9.32188174670909,1,0,1
1,0,0.0,1,0,1853.0,2840.0,114.0,360.0,1.0,0,4693.0,0.024291497975708502,0.31666666666666665,6.747638326585695e-05,4.74493212836325,8.454040376410969,1,0,0
1,1,2.0,1,0,1299.0,1086.0,30.65,120.0,1.0,1,2385.0,0.012851153039832284,0.2554166666666667,0.00010709294199860238,3.4547381485901854,7.777373602657861,1,0,1
1,0,0.0,1,0,4950.0,0.0,125.0,360.0,1.0,1,4950.0,0.025252525252525252,0.3472222222222222,7.01459034792368e-05,4.836281906951478,8.507344855361422,0,0,1
1,0,1.0,0,0,3596.0,0.0,100.0,240.0,1.0,1,3596.0,0.027808676307007785,0.4166666666666667,0.00011586948461253245,4.61512051684126,8.187855443695623,0,0,1
0,0,0.0,1,0,3510.0,0.0,76.0,360.0,0.0,0,3510.0,0.021652421652421653,0.2111111111111111,6.0145615701171255e-05,4.343805421853684,8.163656176168432,0,0,1
1,1,0.0,0,0,4887.0,0.0,133.0,360.0,1.0,0,4887.0,0.027215060364231634,0.36944444444444446,7.559738990064343e-05,4.897839799950911,8.494538500851432,0,0,0
1,1,0.0,1,0,2600.0,3500.0,115.0,360.0,1.0,1,6100.0,0.018852459016393444,0.3194444444444444,5.2367941712204e-05,4.7535901911063645,8.716207971151853,1,0,1
1,1,0.0,0,0,7660.0,0.0,104.0,360.0,0.0,0,7660.0,0.013577023498694517,0.28888888888888886,3.771395416304032e-05,4.653960350157523,8.94389780251682,0,0,1
1,1,1.0,1,0,5955.0,5625.0,315.0,360.0,1.0,1,11580.0,0.027202072538860103,0.875,7.556131260794473e-05,5.755742213586912,9.357121103184378,1,0,1
1,1,0.0,0,0,2600.0,1911.0,116.0,360.0,0.0,0,4511.0,0.025714919086677012,0.32222222222222224,7.143033079632504e-05,4.762173934797756,8.414495793177895,1,1,0
1,1,2.0,0,0,3365.0,1917.0,112.0,360.0,0.0,0,5282.0,0.021204089360090876,0.3111111111111111,5.8900248222474654e-05,4.727387818712341,8.572249397164315,1,0,0
1,1,1.0,1,0,3717.0,2925.0,151.0,360.0,1.0,0,6642.0,0.02273411623005119,0.41944444444444445,6.31503228612533e-05,5.0238805208462765,8.80131894766524,1,1,0
1,1,0.0,1,1,9560.0,0.0,191.0,360.0,1.0,1,9560.0,0.01997907949790795,0.5305555555555556,5.5497443049744306e-05,5.2574953720277815,9.165447603085447,0,1,0
1,1,0.0,1,0,2799.0,2253.0,122.0,360.0,1.0,1,5052.0,0.02414885193982581,0.3388888888888889,6.708014427729393e-05,4.812184355372417,8.527737405291909,1,1,0
1,1,2.0,0,0,4226.0,1040.0,110.0,360.0,1.0,1,5266.0,0.020888720091150777,0.3055555555555556,5.802422247541884e-05,4.709530201312334,8.569216219483389,1,0,1
1,0,0.0,0,0,1442.0,0.0,35.0,360.0,1.0,0,1442.0,0.024271844660194174,0.09722222222222222,6.74217907227616e-05,3.58351893845611,7.274479558773871,0,0,1
0,0,2.0,1,0,3750.0,2083.0,120.0,360.0,1.0,1,5833.0,0.020572604148808505,0.3333333333333333,5.714612263557917e-05,4.795790545596741,8.671458150427666,1,1,0
1,1,1.0,1,0,4166.0,3369.0,201.0,360.0,1.0,0,7535.0,0.026675514266755143,0.5583333333333333,7.409865074098651e-05,5.308267697401205,8.927446816256198,1,0,1
1,0,0.0,1,0,3167.0,0.0,74.0,360.0,1.0,0,3167.0,0.023365961477739186,0.20555555555555555,6.490544854927551e-05,4.31748811353631,8.060855752934316,0,0,1
1,0,1.0,1,1,4692.0,0.0,106.0,360.0,1.0,0,4692.0,0.022591645353793693,0.29444444444444445,6.27545704272047e-05,4.672828834461906,8.453827315794417,0,0,0
1,1,0.0,1,0,3500.0,1667.0,114.0,360.0,1.0,1,5167.0,0.022063092703696534,0.31666666666666665,6.128636862137927e-05,4.74493212836325,8.550241045462437,1,1,0
1,0,3.0,1,0,12500.0,3000.0,320.0,360.0,1.0,0,15500.0,0.02064516129032258,0.8888888888888888,5.7347670250896056e-05,5.771441123130016,9.648659816955295,1,0,0
1,1,0.0,1,0,2275.0,2067.0,128.0,360.0,1.0,1,4342.0,0.02947950253339475,0.35555555555555557,8.188750703720764e-05,4.859812404361672,8.376320632534823,1,0,1
1,1,0.0,1,0,1828.0,1330.0,100.0,360.0,0.0,0,3158.0,0.031665611146295125,0.2777777777777778,8.79600309619309e-05,4.61512051684126,8.058010800802085,1,0,1
0,1,0.0,1,0,3667.0,1459.0,144.0,360.0,1.0,1,5126.0,0.02809207959422552,0.4,7.803355442840422e-05,4.976733742420574,8.5422759717837,1,1,0
1,0,0.0,1,0,4166.0,7210.0,184.0,360.0,1.0,1,11376.0,0.01617440225035162,0.5111111111111111,4.49288951398656e-05,5.220355825078324,9.339349052539717,1,0,1
1,0,0.0,0,0,3748.0,1668.0,110.0,360.0,1.0,1,5416.0,0.02031019202363368,0.3055555555555556,5.641720006564911e-05,4.709530201312334,8.597297435657898,1,1,0
1,0,0.0,1,0,3600.0,0.0,80.0,360.0,1.0,0,3600.0,0.022222222222222223,0.2222222222222222,6.17283950617284e-05,4.394449154672439,8.188966863648876,0,0,1
1,0,0.0,1,0,1800.0,1213.0,47.0,360.0,1.0,1,3013.0,0.015599070693660804,0.13055555555555556,4.333075192683557e-05,3.871201010907891,8.01102337918644,1,0,1
1,1,0.0,1,0,2400.0,0.0,75.0,360.0,1.0,1,2400.0,0.03125,0.20833333333333334,8.680555555555556e-05,4.330733340286331,7.783640596221253,0,0,1
1,1,0.0,1,0,3941.0,2336.0,134.0,360.0,1.0,1,6277.0,0.021347777600764697,0.37222222222222223,5.929938222434638e-05,4.90527477843843,8.744806737401898,1,1,0
1,1,0.0,0,1,4695.0,0.0,96.0,360.0,1.0,1,4695.0,0.020447284345047924,0.26666666666666666,5.679801206957756e-05,4.574710978503383,8.454466361507933,0,0,1
0,0,0.0,1,0,3410.0,0.0,88.0,360.0,1.0,1,3410.0,0.025806451612903226,0.24444444444444444,7.168458781362007e-05,4.48863636973214,8.134760782418645,0,0,1
1,1,1.0,1,0,5649.0,0.0,44.0,360.0,1.0,1,5649.0,0.007788989201628607,0.12222222222222222,2.163608111563502e-05,3.8066624897703196,8.639410824140487,0,0,1
1,1,0.0,1,0,5821.0,0.0,144.0,360.0,1.0,1,5821.0,0.02473801752276241,0.4,6.871671534100671e-05,4.976733742420574,8.669399124305569,0,0,1
0,1,0.0,1,0,2645.0,3440.0,120.0,360.0,0.0,0,6085.0,0.01972062448644207,0.3333333333333333,5.477951246233908e-05,4.795790545596741,8.713746330456916,1,0,1
0,0,0.0,1,0,4000.0,2275.0,144.0,360.0,1.0,1,6275.0,0.022948207171314742,0.4,6.374501992031872e-05,4.976733742420574,8.744488113852924,1,1,0
0,1,0.0,0,0,1928.0,1644.0,100.0,360.0,1.0,1,3572.0,0.027995520716685332,0.2777777777777778,7.776533532412593e-05,4.61512051684126,8.181160858023409,1,1,0
0,0,0.0,1,0,3086.0,0.0,120.0,360.0,1.0,1,3086.0,0.03888528839922229,0.3333333333333333,0.0001080146899978397,4.795790545596741,8.034955024502159,0,1,0
0,0,0.0,1,0,4230.0,0.0,112.0,360.0,1.0,0,4230.0,0.026477541371158392,0.3111111111111111,7.354872603099553e-05,4.727387818712341,8.350193650720067,0,1,0
1,1,2.0,1,0,4616.0,0.0,134.0,360.0,1.0,0,4616.0,0.02902946273830156,0.37222222222222223,8.063739649528212e-05,4.90527477843843,8.43750042250699,0,0,1
0,1,1.0,1,1,11500.0,0.0,286.0,360.0,0.0,0,11500.0,0.024869565217391306,0.7944444444444444,6.908212560386473e-05,5.659482215759621,9.350189267092581,0,0,1
1,1,2.0,1,0,2708.0,1167.0,97.0,360.0,1.0,1,3875.0,0.02503225806451613,0.26944444444444443,6.953405017921147e-05,4.584967478670572,8.262558973010657,1,1,0
1,1,0.0,1,0,2132.0,1591.0,96.0,360.0,1.0,1,3723.0,0.0257856567284448,0.26666666666666666,7.162682424568e-05,4.574710978503383,8.222553638396958,1,1,0
1,1,0.0,1,0,3366.0,2200.0,135.0,360.0,1.0,0,5566.0,0.024254401724757457,0.375,6.737333812432626e-05,4.912654885736052,8.624611588183507,1,0,0
1,1,1.0,1,0,8080.0,2250.0,180.0,360.0,1.0,1,10330.0,0.017424975798644726,0.5,4.84027105517909e-05,5.198497031265826,9.242904362849446,1,0,1
1,1,2.0,0,0,3357.0,2859.0,144.0,360.0,1.0,1,6216.0,0.023166023166023165,0.4,6.435006435006436e-05,4.976733742420574,8.735042754269337,1,0,1
1,1,0.0,1,0,2500.0,3796.0,120.0,360.0,1.0,1,6296.0,0.01905972045743329,0.3333333333333333,5.2943667937314695e-05,4.795790545596741,8.747828608488742,1,0,1
1,1,3.0,1,0,3029.0,0.0,99.0,360.0,1.0,1,3029.0,0.03268405414328161,0.275,9.078903928689337e-05,4.605170185988092,8.016317898503415,0,0,1
1,1,0.0,0,1,2609.0,3449.0,165.0,180.0,0.0,0,6058.0,0.02723671178606801,0.9166666666666666,0.0001513150654781556,5.111987788356544,8.70930004894499,1,0,0
1,1,1.0,1,0,4945.0,0.0,128.0,360.0,0.0,0,4945.0,0.025884732052578362,0.35555555555555557,7.190203347938433e-05,4.859812404361672,8.506334448081361,0,0,0
0,0,0.0,1,0,4166.0,0.0,116.0,360.0,0.0,0,4166.0,0.02784445511281805,0.32222222222222224,7.734570864671681e-05,4.762173934797756,8.334951631422454,0,1,0
1,1,0.0,1,0,5726.0,4595.0,258.0,360.0,1.0,0,10321.0,0.024997577754093597,0.7166666666666667,6.943771598359332e-05,5.556828061699537,9.242032818708672,1,1,0
1,0,0.0,0,0,3200.0,2254.0,126.0,180.0,0.0,0,5454.0,0.0231023102310231,0.7,0.00012834616795012833,4.844187086458591,8.604287898267172,1,0,1
1,1,1.0,1,0,10750.0,0.0,312.0,360.0,1.0,1,10750.0,0.02902325581395349,0.8666666666666667,8.062015503875969e-05,5.746203190540153,9.282754052485227,0,0,1
1,1,3.0,0,1,7100.0,0.0,125.0,60.0,1.0,1,7100.0,0.017605633802816902,2.0833333333333335,0.00029342723004694836,4.836281906951478,8.867990898182093,0,0,1
0,0,0.0,1,0,4300.0,0.0,136.0,360.0,0.0,0,4300.0,0.03162790697674418,0.37777777777777777,8.785529715762273e-05,4.919980925828125,8.366602832783736,0,1,0
1,1,0.0,1,0,3208.0,3066.0,172.0,360.0,1.0,1,6274.0,0.027414727446605038,0.4777777777777778,7.615202068501399e-05,5.153291594497779,8.744328763999984,1,0,1
1,1,2.0,0,1,1875.0,1875.0,97.0,360.0,1.0,1,3750.0,0.025866666666666666,0.26944444444444443,7.185185185185185e-05,4.584967478670572,8.229777750081887,1,1,0
1,0,0.0,1,0,3500.0,0.0,81.0,300.0,1.0,1,3500.0,0.023142857142857142,0.27,7.714285714285715e-05,4.406719247264253,8.160803920954665,0,1,0
1,1,3.0,0,0,4755.0,0.0,95.0,360.0,0.0,0,4755.0,0.019978969505783387,0.2638888888888889,5.549713751606496e-05,4.564348191467836,8.467162257810672,0,1,0
1,1,3.0,1,1,5266.0,1774.0,187.0,360.0,1.0,1,7040.0,0.0265625,0.5194444444444445,7.378472222222222e-05,5.236441962829949,8.859505484519133,1,1,0
1,0,0.0,1,0,3750.0,0.0,113.0,480.0,1.0,0,3750.0,0.030133333333333335,0.23541666666666666,6.277777777777778e-05,4.736198448394496,8.229777750081887,0,0,1
1,0,0.0,1,0,3750.0,4750.0,176.0,360.0,1.0,0,8500.0,0.020705882352941178,0.4888888888888889,5.7516339869281044e-05,5.176149732573829,9.04793908261736,1,0,1
1,1,1.0,1,1,1025.0,3022.0,110.0,360.0,1.0,0,4047.0,0.02718062762540153,0.3055555555555556,7.550174340389315e-05,4.709530201312334,8.305978210967302,1,0,1
1,1,3.0,1,0,3167.0,4000.0,180.0,300.0,0.0,0,7167.0,0.025115110925073254,0.6,8.371703641691084e-05,5.198497031265826,8.877381954654766,1,1,0
1,1,3.0,0,1,3333.0,2166.0,130.0,360.0,1.0,1,5499.0,0.02364066193853428,0.3611111111111111,6.566850538481745e-05,4.875197323201151,8.612503371220562,1,1,0
0,0,0.0,1,0,3846.0,0.0,111.0,360.0,1.0,1,3846.0,0.028861154446177848,0.30833333333333335,8.016987346160514e-05,4.718498871295094,8.255048902752295,0,1,0
1,1,1.0,1,1,2395.0,0.0,128.0,360.0,1.0,1,2395.0,0.05344467640918581,0.35555555555555557,0.00014845743446996058,4.859812404361672,7.78155595923534,0,1,0
0,1,2.0,1,0,1378.0,1881.0,167.0,360.0,1.0,0,3259.0,0.0512427124884934,0.4638888888888889,0.00014234086802359278,5.123963979403259,8.089482474360754,1,0,1
1,1,0.0,1,0,6000.0,2250.0,265.0,360.0,1.0,0,8250.0,0.03212121212121212,0.7361111111111112,8.922558922558923e-05,5.583496308781699,9.018089684104343,1,1,0
1,1,1.0,1,0,3988.0,0.0,50.0,240.0,1.0,1,3988.0,0.012537612838515547,0.20833333333333334,5.224005349381478e-05,3.9318256327243257,8.291295851905407,0,0,1
1,0,0.0,1,0,2366.0,2531.0,136.0,360.0,1.0,1,4897.0,0.027772105370635083,0.37777777777777777,7.714473714065301e-05,4.919980925828125,8.496582237512113,1,1,0
1,1,2.0,0,0,3333.0,2000.0,99.0,360.0,1.0,1,5333.0,0.0185636602287643,0.275,5.1565722857678607e-05,4.605170185988092,8.58185670474196,1,1,0
1,1,0.0,1,0,2500.0,2118.0,104.0,360.0,1.0,1,4618.0,0.02252057167605024,0.28888888888888886,6.255714354458399e-05,4.653960350157523,8.437933510430605,1,1,0
1,0,0.0,1,0,8566.0,0.0,210.0,360.0,1.0,1,8566.0,0.02451552650011674,0.5833333333333334,6.809868472254651e-05,5.351858133476067,9.055672891964043,0,0,1
1,1,0.0,1,0,5695.0,4167.0,175.0,360.0,1.0,1,9862.0,0.017744879334820524,0.4861111111111111,4.9291331485612566e-05,5.170483995038151,9.196545660953994,1,1,0
1,1,0.0,1,0,2958.0,2900.0,131.0,360.0,1.0,1,5858.0,0.022362581085694777,0.3638888888888889,6.21182807935966e-05,4.882801922586371,8.675734219544788,1,1,0
1,1,2.0,1,0,6250.0,5654.0,188.0,180.0,1.0,1,11904.0,0.015793010752688172,1.0444444444444445,8.773894862604541e-05,5.241747015059643,9.384713758920963,1,1,0
1,1,2.0,0,0,3273.0,1820.0,81.0,360.0,1.0,1,5093.0,0.015904182210877676,0.225,4.4178283919104653e-05,4.406719247264253,8.535818655539403,1,0,1
1,0,0.0,1,0,4133.0,0.0,122.0,360.0,1.0,1,4133.0,0.029518509557222357,0.3388888888888889,8.199585988117321e-05,4.812184355372417,8.327000740241713,0,1,0
1,0,0.0,0,0,3620.0,0.0,30.65,120.0,1.0,1,3620.0,0.008466850828729281,0.2554166666666667,7.055709023941068e-05,3.4547381485901854,8.19450550976564,0,1,0
1,0,0.0,1,0,6782.0,0.0,128.0,360.0,1.0,0,6782.0,0.018873488646416987,0.35555555555555557,5.24263573511583e-05,4.859812404361672,8.82217476094608,0,0,1
0,1,0.0,1,0,2484.0,2302.0,137.0,360.0,1.0,1,4786.0,0.028625156707062265,0.38055555555555554,7.951432418628407e-05,4.927253685157205,8.473659189392508,1,1,0
1,1,0.0,1,0,1977.0,997.0,50.0,360.0,1.0,1,2974.0,0.016812373907195696,0.1388888888888889,4.670103863109916e-05,3.9318256327243257,7.99799931797973,1,1,0
1,1,0.0,0,0,4188.0,0.0,115.0,180.0,1.0,1,4188.0,0.027459407831900668,0.6388888888888888,0.00015255226573278148,4.7535901911063645,8.340217320947035,0,1,0
1,1,0.0,1,0,1759.0,3541.0,131.0,360.0,1.0,1,5300.0,0.02471698113207547,0.3638888888888889,6.865828092243186e-05,4.882801922586371,8.575650760987806,1,1,0
1,1,2.0,0,0,4288.0,3263.0,133.0,180.0,1.0,1,7551.0,0.01761356111773275,0.7388888888888889,9.78531173207375e-05,4.897839799950911,8.929567707825337,1,0,1
1,0,0.0,1,0,4843.0,3806.0,151.0,360.0,1.0,1,8649.0,0.017458665741704245,0.41944444444444445,4.8496293726956235e-05,5.0238805208462765,9.065314599925925,1,1,0
1,1,0.0,1,0,13650.0,0.0,128.0,360.0,1.0,1,13650.0,0.009377289377289377,0.35555555555555557,2.604802604802605e-05,4.859812404361672,9.521568058002977,0,0,1
1,1,0.0,1,0,4652.0,3583.0,128.0,360.0,1.0,1,8235.0,0.01554341226472374,0.35555555555555557,4.317614517978817e-05,4.859812404361672,9.01627006814768,1,1,0
1,1,0.0,1,0,3816.0,754.0,160.0,360.0,1.0,1,4570.0,0.0350109409190372,0.4444444444444444,9.725261366399222e-05,5.081404364984463,8.427487278331744,1,0,1
1,1,1.0,1,0,3052.0,1030.0,100.0,360.0,1.0,1,4082.0,0.02449779519843214,0.2777777777777778,6.804943110675595e-05,4.61512051684126,8.314587291319576,1,0,1
1,1,2.0,1,0,11417.0,1126.0,225.0,360.0,1.0,1,12543.0,0.01793829227457546,0.625,4.98285896515985e-05,5.420534999272286,9.436997742590188,1,0,1
1,0,0.0,0,0,7333.0,0.0,120.0,360.0,1.0,0,7333.0,0.01636438019909996,0.3333333333333333,4.545661166416655e-05,4.795790545596741,8.900276348631271,0,0,0
1,1,2.0,1,0,3800.0,3600.0,216.0,360.0,0.0,0,7400.0,0.02918918918918919,0.6,8.108108108108108e-05,5.37989735354046,8.909370405197466,1,0,1
1,1,3.0,0,0,2071.0,754.0,94.0,480.0,1.0,1,2825.0,0.03327433628318584,0.19583333333333333,6.932153392330384e-05,4.553876891600541,7.946617563244473,1,1,0
1,0,0.0,1,0,5316.0,0.0,136.0,360.0,1.0,1,5316.0,0.025583145221971408,0.37777777777777777,7.106429228325391e-05,4.919980925828125,8.57866451350434,0,0,1
0,1,0.0,1,0,2929.0,2333.0,139.0,360.0,1.0,1,5262.0,0.026415811478525276,0.3861111111111111,7.337725410701466e-05,4.941642422609304,8.56845648535378,1,1,0
1,1,0.0,0,0,3572.0,4114.0,152.0,360.0,0.0,0,7686.0,0.019776216497527973,0.4222222222222222,5.493393471535548e-05,5.030437921392435,8.947285869349132,1,0,0
0,0,1.0,1,1,7451.0,0.0,128.0,360.0,1.0,1,7451.0,0.01717890216078379,0.35555555555555557,4.771917266884386e-05,4.859812404361672,8.916237731721479,0,1,0
1,0,0.0,1,0,5050.0,0.0,118.0,360.0,1.0,1,5050.0,0.023366336633663366,0.3277777777777778,6.490649064906491e-05,4.77912349311153,8.527341522468053,0,1,0
1,1,1.0,1,0,14583.0,0.0,185.0,180.0,1.0,1,14583.0,0.012686004251525749,1.0277777777777777,7.047780139736527e-05,5.225746673713202,9.5876803163585,0,0,0
0,1,0.0,1,0,3167.0,2283.0,154.0,360.0,1.0,1,5450.0,0.028256880733944955,0.42777777777777776,7.849133537206931e-05,5.043425116919247,8.603554357064281,1,1,0
1,1,1.0,1,0,2214.0,1398.0,85.0,360.0,1.0,1,3612.0,0.02353266888150609,0.2361111111111111,6.536852467085025e-05,4.454347296253507,8.19229373114764,1,0,1
1,1,0.0,1,0,5568.0,2142.0,175.0,360.0,1.0,0,7710.0,0.022697795071335927,0.4861111111111111,6.304943075371091e-05,5.170483995038151,8.95040315983296,1,0,0
0,0,0.0,1,0,10408.0,0.0,259.0,360.0,1.0,1,10408.0,0.024884704073789392,0.7194444444444444,6.912417798274832e-05,5.560681631015528,9.250426095515468,0,0,1
1,1,0.0,1,0,5667.0,2667.0,180.0,360.0,1.0,1,8334.0,0.02159827213822894,0.5,5.999520038396928e-05,5.198497031265826,9.028218795184895,1,0,0
0,0,0.0,1,0,4166.0,0.0,44.0,360.0,1.0,1,4166.0,0.01056168987037926,0.12222222222222222,2.9338027417720166e-05,3.8066624897703196,8.334951631422454,0,1,0
0,0,0.0,1,0,2137.0,8895.890000000003,137.0,360.0,0.0,1,11032.890000000003,0.012417417376589449,0.38055555555555554,3.44928260460818e-05,4.927253685157205,9.308726724596532,1,1,0
1,1,2.0,1,0,2957.0,0.0,81.0,360.0,1.0,1,2957.0,0.027392627663172135,0.225,7.609063239770038e-05,4.406719247264253,7.992268643270745,0,1,0
1,1,0.0,0,0,4300.0,2014.0,194.0,360.0,1.0,1,6314.0,0.030725372188786824,0.5388888888888889,8.53482560799634e-05,5.272999558563747,8.750683034784592,1,0,0
0,0,0.0,1,0,3692.0,0.0,93.0,360.0,1.0,1,3692.0,0.025189599133261104,0.25833333333333336,6.997110870350308e-05,4.543294782270004,8.214194414852564,0,0,0
1,1,3.0,1,0,23803.0,0.0,370.0,360.0,1.0,1,23803.0,0.015544259127000798,1.0277777777777777,4.3178497575002216e-05,5.916202062607435,10.077608912764743,0,0,0
1,0,0.0,1,0,3865.0,1640.0,128.0,360.0,1.0,1,5505.0,0.023251589464123524,0.35555555555555557,6.458774851145423e-05,4.859812404361672,8.613593685702552,1,0,0
1,1,1.0,1,1,10513.0,3850.0,160.0,180.0,0.0,0,14363.0,0.011139734038849823,0.8888888888888888,6.188741132694345e-05,5.081404364984463,9.572480355345974,1,0,1
1,1,0.0,1,0,6080.0,2569.0,182.0,360.0,1.0,0,8649.0,0.021042895132385248,0.5055555555555555,5.84524864788479e-05,5.209486152841421,9.065314599925925,1,0,0
1,0,0.0,1,1,20166.0,0.0,495.87,480.0,1.0,1,20166.0,0.024589407914311218,1.0330625,5.122793315481503e-05,6.208328422464883,9.911802884139842,0,0,1
1,0,0.0,1,0,2014.0,1929.0,74.0,360.0,1.0,1,3943.0,0.018767435962465127,0.20555555555555555,5.213176656240313e-05,4.31748811353631,8.279950715722526,1,0,1
1,0,0.0,1,0,2718.0,0.0,70.0,360.0,1.0,1,2718.0,0.025754231052244298,0.19444444444444445,7.15395307006786e-05,4.2626798770413155,7.908019444632471,0,1,0
1,1,0.0,1,1,3459.0,0.0,30.65,120.0,1.0,1,3459.0,0.008860942468921653,0.2554166666666667,7.384118724101379e-05,3.4547381485901854,8.14902386805177,0,1,0
1,0,0.0,1,0,4895.0,0.0,102.0,360.0,1.0,1,4895.0,0.020837589376915218,0.2833333333333333,5.7882192713653384e-05,4.634728988229636,8.496173824192162,0,1,0
1,1,3.0,1,0,4000.0,7750.0,290.0,360.0,1.0,0,11750.0,0.02468085106382979,0.8055555555555556,6.855791962174941e-05,5.673323267171493,9.371693622333941,1,1,0
0,1,0.0,1,0,4583.0,0.0,84.0,360.0,1.0,0,4583.0,0.0183286057167794,0.23333333333333334,5.091279365772056e-05,4.442651256490317,8.430327258394575,0,0,0
1,1,2.0,1,1,3316.0,3500.0,88.0,360.0,1.0,1,6816.0,0.012910798122065728,0.24444444444444444,3.586332811684924e-05,4.48863636973214,8.827174771362785,1,0,1
1,0,0.0,1,0,14999.0,0.0,242.0,360.0,0.0,0,14999.0,0.016134408960597372,0.6722222222222223,4.481780266832604e-05,5.493061443340548,9.615805480084347,0,1,0
1,1,2.0,0,0,4200.0,1430.0,129.0,360.0,1.0,0,5630.0,0.022912966252220248,0.35833333333333334,6.364712847838958e-05,4.867534450455582,8.636042325254618,1,0,0
1,1,2.0,1,0,5042.0,2083.0,185.0,360.0,1.0,0,7125.0,0.025964912280701753,0.5138888888888888,7.212475633528264e-05,5.225746673713202,8.871505346165781,1,0,0
1,0,0.0,1,0,5417.0,0.0,168.0,360.0,1.0,1,5417.0,0.031013476093778844,0.4666666666666667,8.614854470494123e-05,5.1298987149230735,8.59748202264504,0,0,1
1,0,0.0,1,1,6950.0,0.0,175.0,180.0,1.0,1,6950.0,0.025179856115107913,0.9722222222222222,0.0001398880895283773,5.170483995038151,8.846640813100485,0,1,0
1,1,0.0,1,0,2698.0,2034.0,122.0,360.0,1.0,1,4732.0,0.02578191039729501,0.3388888888888889,7.161641777026393e-05,4.812184355372417,8.462314529906248,1,1,0
1,1,2.0,1,0,11757.0,0.0,187.0,180.0,1.0,1,11757.0,0.01590541804882198,1.038888888888889,8.836343360456655e-05,5.236441962829949,9.3722891389622,0,0,1
0,1,0.0,1,0,2330.0,4486.0,100.0,360.0,1.0,1,6816.0,0.014671361502347418,0.2777777777777778,4.075378195096505e-05,4.61512051684126,8.827174771362785,1,1,0
0,1,2.0,1,0,14866.0,0.0,70.0,360.0,1.0,1,14866.0,0.0047087313332436435,0.19444444444444445,1.307980925901012e-05,4.2626798770413155,9.60689927061335,0,0,1
1,1,1.0,1,0,1538.0,1425.0,30.65,360.0,1.0,1,2963.0,0.010344245696928787,0.08513888888888889,2.873401582480219e-05,3.4547381485901854,7.994294986415977,1,0,1
0,0,0.0,1,0,10000.0,1666.0,225.0,360.0,1.0,0,11666.0,0.019286816389507973,0.625,5.357448997085548e-05,5.420534999272286,9.364519622823858,1,0,0
1,1,0.0,1,0,4860.0,830.0,125.0,360.0,1.0,1,5690.0,0.021968365553602813,0.3472222222222222,6.10232376488967e-05,4.836281906951478,8.646641258603124,1,1,0
1,0,0.0,1,0,6277.0,0.0,118.0,360.0,0.0,0,6277.0,0.018798789230524134,0.3277777777777778,5.221885897367816e-05,4.77912349311153,8.744806737401898,0,0,0
1,1,0.0,1,1,2577.0,3750.0,152.0,360.0,1.0,1,6327.0,0.024024024024024024,0.4222222222222222,6.67334000667334e-05,5.030437921392435,8.75273950944749,1,0,0
1,0,0.0,1,0,9166.0,0.0,244.0,360.0,1.0,0,9166.0,0.026620117826751038,0.6777777777777778,7.39447717409751e-05,5.501258210544727,9.123365357961776,0,0,1
1,1,2.0,0,0,2281.0,0.0,113.0,360.0,1.0,0,2281.0,0.049539675580885574,0.3138888888888889,0.00013761020994690438,4.736198448394496,7.732807530422021,0,0,0
1,0,0.0,1,0,3254.0,0.0,50.0,360.0,1.0,1,3254.0,0.015365703749231715,0.1388888888888889,4.268251041453254e-05,3.9318256327243257,8.08794755464267,0,0,1
1,1,3.0,1,0,32540.410000000047,0.0,495.87,180.0,0.0,1,32540.410000000047,0.015238591031889251,2.7548333333333335,8.46588390660514e-05,6.208328422464883,10.39026871111883,0,1,0
1,1,1.0,1,0,6000.0,0.0,160.0,360.0,1.0,1,6000.0,0.02666666666666667,0.4444444444444444,7.407407407407407e-05,5.081404364984463,8.699681400989514,0,0,0
1,1,1.0,1,0,9538.0,0.0,187.0,360.0,1.0,1,9538.0,0.019605787376808556,0.5194444444444445,5.446052049113488e-05,5.236441962829949,9.163143937145207,0,0,1
1,0,0.0,1,0,2980.0,2083.0,120.0,360.0,1.0,1,5063.0,0.023701362828362632,0.3333333333333333,6.583711896767397e-05,4.795790545596741,8.529911963824013,1,0,0
1,1,0.0,1,0,4583.0,5625.0,255.0,360.0,1.0,1,10208.0,0.02498040752351097,0.7083333333333334,6.93900208986416e-05,5.545177444479562,9.231024963169016,1,1,0
1,1,0.0,0,0,1863.0,1041.0,98.0,360.0,1.0,1,2904.0,0.0337465564738292,0.2722222222222222,9.374043464952555e-05,4.59511985013459,7.974188669286011,1,1,0
1,1,0.0,1,0,7933.0,0.0,275.0,360.0,1.0,0,7933.0,0.03466532207235598,0.7638888888888888,9.629256131209994e-05,5.62040086571715,8.978912601074276,0,0,1
1,1,1.0,1,0,3089.0,1280.0,121.0,360.0,0.0,0,4369.0,0.027695124742504004,0.33611111111111114,7.693090206251114e-05,4.804021044733257,8.382518288089635,1,1,0
1,1,2.0,1,0,4167.0,1447.0,158.0,360.0,1.0,1,5614.0,0.028143925899536872,0.4388888888888889,7.817757194315798e-05,5.0689042022202315,8.633196867172543,1,0,0
1,1,0.0,1,0,9323.0,0.0,75.0,180.0,1.0,1,9323.0,0.008044620830204869,0.4166666666666667,4.469233794558261e-05,4.330733340286331,9.140347000155648,0,0,1
1,1,0.0,1,0,3707.0,3166.0,182.0,360.0,1.0,1,6873.0,0.02648043067074058,0.5055555555555555,7.355675186316827e-05,5.209486152841421,8.835501457409778,1,0,0
0,1,0.0,1,0,4583.0,0.0,112.0,360.0,1.0,0,4583.0,0.02443814095570587,0.3111111111111111,6.788372487696074e-05,4.727387818712341,8.430327258394575,0,0,0
1,1,0.0,1,0,2439.0,3333.0,129.0,360.0,1.0,1,5772.0,0.02234927234927235,0.35833333333333334,6.208131208131208e-05,4.867534450455582,8.660947155060933,1,0,0
1,0,0.0,1,0,2237.0,0.0,63.0,480.0,0.0,0,2237.0,0.028162717925793473,0.13125,5.867232901206974e-05,4.1588830833596715,7.71333788887187,0,1,0
1,1,2.0,1,0,8000.0,0.0,200.0,360.0,1.0,1,8000.0,0.025,0.5555555555555556,6.944444444444444e-05,5.303304908059076,8.987321812850125,0,1,0
1,1,0.0,0,0,1820.0,1769.0,95.0,360.0,1.0,1,3589.0,0.026469768737809974,0.2638888888888889,7.352713538280549e-05,4.564348191467836,8.185907481482324,1,0,0
1,1,3.0,1,0,32540.410000000047,0.0,495.87,300.0,1.0,1,32540.410000000047,0.015238591031889251,1.6529,5.0795303439630835e-05,6.208328422464883,10.39026871111883,0,0,1
1,1,3.0,0,0,3522.0,0.0,81.0,180.0,1.0,0,3522.0,0.022998296422487224,0.45,0.00012776831345826236,4.406719247264253,8.167068178341237,0,0,0
1,1,0.0,1,0,5708.0,5625.0,187.0,360.0,1.0,1,11333.0,0.016500485308391422,0.5194444444444445,4.5834681412198404e-05,5.236441962829949,9.335562336729565,1,1,0
1,1,0.0,0,1,4344.0,736.0,87.0,360.0,1.0,0,5080.0,0.017125984251968505,0.24166666666666667,4.757217847769029e-05,4.477336814478207,8.533263371593732,1,1,0
1,1,0.0,1,0,3497.0,1964.0,116.0,360.0,1.0,1,5461.0,0.021241530855154733,0.32222222222222224,5.900425237542982e-05,4.762173934797756,8.60557030203365,1,0,0
1,1,2.0,1,0,2045.0,1619.0,101.0,360.0,1.0,1,3664.0,0.027565502183406112,0.28055555555555556,7.657083939835031e-05,4.624972813284271,8.206583614320753,1,0,0
1,1,3.0,1,0,5516.0,8895.890000000003,495.0,360.0,0.0,0,14411.890000000003,0.03434664017002627,1.375,9.540733380562853e-05,6.206575926724928,9.575878224055089,1,1,0
1,1,1.0,1,0,3750.0,0.0,116.0,360.0,1.0,1,3750.0,0.030933333333333334,0.32222222222222224,8.592592592592593e-05,4.762173934797756,8.229777750081887,0,1,0
1,0,0.0,0,0,2333.0,1451.0,102.0,480.0,0.0,0,3784.0,0.026955602536997886,0.2125,5.6157505285412264e-05,4.634728988229636,8.23880116587155,1,0,1
1,1,1.0,1,0,6400.0,7250.0,180.0,360.0,0.0,0,13650.0,0.013186813186813187,0.5,3.663003663003663e-05,5.198497031265826,9.521568058002977,1,0,1
1,0,0.0,1,0,1916.0,5063.0,67.0,360.0,1.0,0,6979.0,0.00960022925920619,0.18611111111111112,2.6667303497794974e-05,4.219507705176107,8.850804195756417,1,0,0
1,1,0.0,1,0,4600.0,0.0,73.0,180.0,1.0,1,4600.0,0.015869565217391305,0.40555555555555556,8.816425120772947e-05,4.30406509320417,8.434028950155469,0,1,0
1,1,1.0,1,0,32540.410000000047,0.0,260.0,360.0,1.0,0,32540.410000000047,0.00799006527576019,0.7222222222222222,2.2194625766000525e-05,5.564520407322694,10.39026871111883,0,1,0
0,1,0.0,1,0,3625.0,0.0,108.0,360.0,1.0,1,3625.0,0.029793103448275862,0.3,8.275862068965517e-05,4.6913478822291435,8.195885391314796,0,1,0
1,1,0.0,1,1,32540.410000000047,4750.0,120.0,360.0,1.0,1,37290.41000000005,0.0032179855356913437,0.3333333333333333,8.938848710253733e-06,4.795790545596741,10.526518284203798,1,1,0
1,1,1.0,1,1,2178.0,0.0,66.0,300.0,0.0,0,2178.0,0.030303030303030304,0.22,0.00010101010101010101,4.204692619390966,7.68662133494462,0,0,0
1,1,0.0,1,0,2383.0,2138.0,58.0,360.0,1.0,1,4521.0,0.012829020128290201,0.16111111111111112,3.563616702302834e-05,4.07753744390572,8.416709652837914,1,0,0
1,1,0.0,1,1,1025.0,5296.0,168.0,360.0,1.0,1,6321.0,0.026578073089700997,0.4666666666666667,7.382798080472499e-05,5.1298987149230735,8.751790892775563,1,0,0
1,1,0.0,1,0,9328.0,0.0,188.0,180.0,1.0,1,9328.0,0.020154373927958835,1.0444444444444445,0.00011196874404421575,5.241747015059643,9.140883106960962,0,0,0
1,0,0.0,0,0,4885.0,0.0,48.0,360.0,1.0,1,4885.0,0.009825997952917094,0.13333333333333333,2.7294438758103037e-05,3.8918202981106265,8.494129251817686,0,0,0
1,0,0.0,1,0,12000.0,0.0,164.0,360.0,1.0,0,12000.0,0.013666666666666667,0.45555555555555555,3.7962962962962964e-05,5.10594547390058,9.392745258631441,0,1,0
1,1,0.0,0,0,6033.0,0.0,160.0,360.0,1.0,0,6033.0,0.026520802254268193,0.4444444444444444,7.366889515074498e-05,5.081404364984463,8.705165419719007,0,0,1
1,0,0.0,1,0,3858.0,0.0,76.0,360.0,1.0,1,3858.0,0.019699326075686883,0.2111111111111111,5.4720350210241345e-05,4.343805421853684,8.258163361537619,0,1,0
1,0,0.0,1,0,4191.0,0.0,120.0,360.0,1.0,1,4191.0,0.02863278453829635,0.3333333333333333,7.953551260637875e-05,4.795790545596741,8.340933226000878,0,0,0
1,1,1.0,1,0,3125.0,2583.0,170.0,360.0,1.0,0,5708.0,0.029782761037140854,0.4722222222222222,8.272989176983571e-05,5.14166355650266,8.64979915596426,1,1,0
1,0,0.0,1,0,8333.0,3750.0,187.0,360.0,1.0,1,12083.0,0.015476289001075892,0.5194444444444445,4.298969166965526e-05,5.236441962829949,9.399637542506563,1,0,0
0,0,0.0,0,0,1907.0,2365.0,120.0,360.0,1.0,1,4272.0,0.028089887640449437,0.3333333333333333,7.802746566791511e-05,4.795790545596741,8.360071435644025,1,0,1
0,1,0.0,1,0,3416.0,2816.0,113.0,360.0,1.0,1,6232.0,0.01813222079589217,0.3138888888888889,5.036727998858936e-05,4.736198448394496,8.73761303680885,1,1,0
1,0,0.0,1,1,11000.0,0.0,83.0,360.0,1.0,0,11000.0,0.007545454545454545,0.23055555555555557,2.095959595959596e-05,4.430816798843313,9.305741456739435,0,0,1
1,1,1.0,0,0,2600.0,2500.0,90.0,360.0,1.0,1,5100.0,0.01764705882352941,0.25,4.901960784313725e-05,4.51085950651685,8.537191877922927,1,1,0
1,0,2.0,1,0,4923.0,0.0,166.0,360.0,0.0,1,4923.0,0.03371927686370099,0.46111111111111114,9.3664657954725e-05,5.117993812416755,8.501876487304344,0,1,0
1,1,3.0,0,0,3992.0,0.0,128.0,180.0,1.0,0,3992.0,0.03206412825651302,0.7111111111111111,0.00017813404586951683,4.859812404361672,8.292298107063221,0,0,1
1,1,1.0,0,0,3500.0,1083.0,135.0,360.0,1.0,1,4583.0,0.029456687759109753,0.375,8.182413266419377e-05,4.912654885736052,8.430327258394575,1,0,1
1,1,2.0,0,0,3917.0,0.0,124.0,360.0,1.0,1,3917.0,0.03165688026550932,0.34444444444444444,8.793577851530366e-05,4.8283137373023015,8.273336598504486,0,1,0
0,0,0.0,0,0,4408.0,0.0,120.0,360.0,1.0,1,4408.0,0.02722323049001815,0.3333333333333333,7.562008469449485e-05,4.795790545596741,8.391403185357937,0,1,0
0,0,0.0,1,0,3244.0,0.0,80.0,360.0,1.0,1,3244.0,0.02466091245376079,0.2222222222222222,6.850253459377997e-05,4.394449154672439,8.08487062913819,0,0,1
1,0,0.0,0,0,3975.0,2531.0,55.0,360.0,1.0,1,6506.0,0.008453735013833385,0.1527777777777778,2.3482597260648294e-05,4.02535169073515,8.780633799494984,1,0,0
1,0,0.0,1,0,2479.0,0.0,59.0,360.0,1.0,1,2479.0,0.02379991932230738,0.1638888888888889,6.611088700640939e-05,4.0943445622221,7.8160138391590275,0,0,1
1,0,0.0,1,0,3418.0,0.0,127.0,360.0,1.0,0,3418.0,0.0371562317144529,0.3527777777777778,0.00010321175476236917,4.852030263919617,8.137103389639302,0,1,0
0,0,0.0,1,0,10000.0,0.0,214.0,360.0,1.0,0,10000.0,0.0214,0.5944444444444444,5.9444444444444445e-05,5.3706380281276624,9.210440366976517,0,1,0
1,1,3.0,1,0,3430.0,1250.0,128.0,360.0,0.0,0,4680.0,0.02735042735042735,0.35555555555555557,7.597340930674265e-05,4.859812404361672,8.45126704130007,1,1,0
1,1,1.0,1,1,7787.0,0.0,240.0,360.0,1.0,1,7787.0,0.030820598433286245,0.6666666666666666,8.561277342579512e-05,5.484796933490655,8.960339366492091,0,0,1
1,1,3.0,0,1,5703.0,0.0,130.0,360.0,1.0,1,5703.0,0.02279502016482553,0.3611111111111111,6.33195004578487e-05,4.875197323201151,8.648922962094131,0,0,0
1,1,0.0,1,0,3173.0,3021.0,137.0,360.0,1.0,1,6194.0,0.022118178882789795,0.38055555555555554,6.143938578552721e-05,4.927253685157205,8.731497794063243,1,0,1
1,1,3.0,0,0,3850.0,983.0,100.0,360.0,1.0,1,4833.0,0.02069108214359611,0.2777777777777778,5.747522817665586e-05,4.61512051684126,8.483429561263428,1,1,0
1,1,0.0,1,0,1025.0,1800.0,135.0,360.0,1.0,0,2825.0,0.047787610619469026,0.375,0.00013274336283185842,4.912654885736052,7.946617563244473,1,0,0
1,1,0.0,1,0,3727.0,1775.0,131.0,360.0,1.0,1,5502.0,0.023809523809523808,0.3638888888888889,6.613756613756613e-05,4.882801922586371,8.613048677059759,1,1,0
1,1,2.0,1,0,5000.0,0.0,72.0,360.0,0.0,0,5000.0,0.0144,0.2,4e-05,4.290459441148391,8.517393171418904,0,1,0
0,1,2.0,1,0,4283.0,2383.0,127.0,360.0,1.0,1,6666.0,0.019051905190519053,0.3527777777777778,5.2921958862552926e-05,4.852030263919617,8.80492526261806,1,1,0
1,1,0.0,1,0,2221.0,0.0,60.0,360.0,0.0,0,2221.0,0.0270148581719946,0.16666666666666666,7.504127269998499e-05,4.110873864173311,7.706162970199576,0,0,1
1,1,2.0,1,0,4009.0,1717.0,116.0,360.0,1.0,1,5726.0,0.020258470136220747,0.32222222222222224,5.6273528156168744e-05,4.762173934797756,8.652947112393857,1,1,0
1,0,0.0,1,0,2971.0,2791.0,144.0,360.0,1.0,1,5762.0,0.024991322457480043,0.4,6.942034015966679e-05,4.976733742420574,8.659213451436667,1,1,0
1,1,0.0,1,0,7578.0,1010.0,175.0,360.0,1.0,1,8588.0,0.0203772706101537,0.4861111111111111,5.6603529472649176e-05,5.170483995038151,9.058237593766226,1,1,0
1,1,0.0,1,0,6250.0,0.0,128.0,360.0,1.0,1,6250.0,0.02048,0.35555555555555557,5.688888888888889e-05,4.859812404361672,8.740496729931813,0,1,0
1,1,0.0,1,0,3250.0,0.0,170.0,360.0,1.0,0,3250.0,0.052307692307692305,0.4722222222222222,0.0001452991452991453,5.14166355650266,8.086717920303906,0,0,0
1,1,0.0,0,1,4735.0,0.0,138.0,360.0,1.0,0,4735.0,0.02914466737064414,0.38333333333333336,8.09574093629004e-05,4.9344739331306915,8.462948176563842,0,0,1
1,1,2.0,1,0,6250.0,1695.0,210.0,360.0,1.0,1,7945.0,0.02643171806167401,0.5833333333333334,7.342143906020558e-05,5.351858133476067,8.980423936374544,1,1,0
1,1,0.0,1,0,4758.0,0.0,158.0,480.0,1.0,1,4758.0,0.0332072299285414,0.32916666666666666,6.918172901779459e-05,5.0689042022202315,8.46779284112111,0,1,0
1,0,0.0,1,1,6400.0,0.0,200.0,360.0,1.0,1,6400.0,0.03125,0.5555555555555556,8.680555555555556e-05,5.303304908059076,8.764209507142004,0,0,0
1,1,1.0,1,0,2491.0,2054.0,104.0,360.0,1.0,1,4545.0,0.02288228822882288,0.28888888888888886,6.356191174673022e-05,4.653960350157523,8.422003004412488,1,1,0
1,1,0.0,1,0,3716.0,0.0,42.0,180.0,1.0,1,3716.0,0.011302475780409042,0.23333333333333334,6.279153211338356e-05,3.7612001156935624,8.220672170297252,0,0,0
1,0,0.0,0,0,3189.0,2598.0,120.0,360.0,1.0,1,5787.0,0.020736132711249352,0.3333333333333333,5.7600368642359305e-05,4.795790545596741,8.663542087751374,1,0,0
0,0,0.0,1,0,8333.0,0.0,280.0,360.0,1.0,1,8333.0,0.03360134405376215,0.7777777777777778,9.333706681600598e-05,5.638354669333745,9.0280988119824,0,1,0
1,1,1.0,1,0,3155.0,1779.0,140.0,360.0,1.0,1,4934.0,0.02837454398054317,0.3888888888888889,7.881817772373103e-05,4.948759890378168,8.504107951867582,1,1,0
1,1,1.0,1,0,5500.0,1260.0,170.0,360.0,1.0,1,6760.0,0.02514792899408284,0.4722222222222222,6.985535831689677e-05,5.14166355650266,8.818926087090677,1,0,0
1,1,0.0,1,0,5746.0,0.0,255.0,360.0,1.0,0,5746.0,0.04437869822485207,0.7083333333333334,0.0001232741617357002,5.545177444479562,8.656433258507741,0,0,1
0,0,0.0,1,1,3463.0,0.0,122.0,360.0,1.0,1,3463.0,0.03522956973722206,0.3388888888888889,9.785991593672795e-05,4.812184355372417,8.150179269682326,0,0,1
0,0,1.0,1,0,3812.0,0.0,112.0,360.0,1.0,1,3812.0,0.02938090241343127,0.3111111111111111,8.161361781508686e-05,4.727387818712341,8.246171559857563,0,0,0
1,1,1.0,1,0,3315.0,0.0,96.0,360.0,1.0,1,3315.0,0.02895927601809955,0.26666666666666666,8.044243338360986e-05,4.574710978503383,8.106514516255185,0,1,0
1,1,2.0,1,0,5819.0,5000.0,120.0,360.0,1.0,1,10819.0,0.01109159811442832,0.3333333333333333,3.080999476230089e-05,4.795790545596741,9.289151552400472,1,0,0
1,1,1.0,0,0,2510.0,1983.0,140.0,180.0,1.0,0,4493.0,0.031159581571333184,0.7777777777777778,0.0001731087865074066,4.948759890378168,8.410498452745275,1,0,1
1,0,0.0,1,0,2965.0,5701.0,155.0,60.0,1.0,1,8666.0,0.017885991230094624,2.5833333333333335,0.0002980998538349104,5.049856007249537,9.067277989134345,1,0,1
1,1,2.0,1,1,6250.0,1300.0,108.0,360.0,1.0,1,7550.0,0.014304635761589404,0.3,3.9735099337748346e-05,4.6913478822291435,8.929435283803425,1,0,0
1,1,0.0,0,0,3406.0,4417.0,123.0,360.0,1.0,1,7823.0,0.01572286846478333,0.3416666666666667,4.367463462439814e-05,4.820281565605037,8.964951211714654,1,1,0
1,0,0.0,1,1,6050.0,4333.0,120.0,180.0,1.0,0,10383.0,0.011557353366079168,0.6666666666666666,6.420751870043982e-05,4.795790545596741,9.248021438943871,1,0,1
1,1,2.0,1,0,9703.0,0.0,112.0,360.0,1.0,1,9703.0,0.011542821807688343,0.3111111111111111,3.20633939102454e-05,4.727387818712341,9.180293450623886,0,0,1
1,1,1.0,0,0,6608.0,0.0,137.0,180.0,1.0,1,6608.0,0.020732445520581115,0.7611111111111111,0.00011518025289211729,4.927253685157205,8.796187635470453,0,0,1
1,1,1.0,1,0,2882.0,1843.0,123.0,480.0,1.0,1,4725.0,0.02603174603174603,0.25625,5.4232804232804225e-05,4.820281565605037,8.460834457746854,1,1,0
1,1,0.0,1,0,1809.0,1868.0,90.0,360.0,1.0,1,3677.0,0.024476475387544192,0.25,6.799020940984498e-05,4.51085950651685,8.210124405164267,1,0,1
1,1,0.0,0,0,1668.0,3890.0,201.0,360.0,0.0,0,5558.0,0.0361640878013674,0.5583333333333333,0.00010045579944824278,5.308267697401205,8.62317351495347,1,1,0
0,0,2.0,1,0,3427.0,0.0,138.0,360.0,1.0,0,3427.0,0.040268456375838924,0.38333333333333336,0.00011185682326621924,4.9344739331306915,8.13973227971767,0,0,1
1,0,0.0,0,1,2583.0,2167.0,104.0,360.0,1.0,1,4750.0,0.021894736842105262,0.28888888888888886,6.0818713450292395e-05,4.653960350157523,8.46611040118692,1,0,0
1,1,1.0,0,0,2661.0,7101.0,279.0,180.0,1.0,1,9762.0,0.02858020897357099,1.55,0.00015877893874206104,5.634789603169249,9.186355009225672,1,1,0
1,0,0.0,1,1,16250.0,0.0,192.0,360.0,0.0,0,16250.0,0.011815384615384615,0.5333333333333333,3.282051282051282e-05,5.262690188904886,9.69590972432601,0,0,1
0,0,3.0,1,0,3083.0,0.0,255.0,360.0,1.0,1,3083.0,0.08271164450210834,0.7083333333333334,0.00022975456806141205,5.545177444479562,8.03398273468322,0,0,0
1,0,0.0,0,0,6045.0,0.0,115.0,360.0,0.0,0,6045.0,0.01902398676592225,0.3194444444444444,5.284440768311736e-05,4.7535901911063645,8.707152175339404,0,0,0
1,1,3.0,1,0,5250.0,0.0,94.0,360.0,1.0,0,5250.0,0.017904761904761906,0.2611111111111111,4.973544973544974e-05,4.553876891600541,8.566173813637858,0,0,1
1,1,0.0,1,0,14683.0,2100.0,304.0,360.0,1.0,0,16783.0,0.018113567300244295,0.8444444444444444,5.0315464722900816e-05,5.720311776607412,9.728181330636078,1,0,0
1,1,3.0,0,0,4931.0,0.0,128.0,360.0,1.0,0,4931.0,0.02595822348408031,0.35555555555555557,7.210617634466752e-05,4.859812404361672,8.503499864284235,0,1,0
1,1,1.0,1,0,6083.0,4250.0,330.0,360.0,1.0,1,10333.0,0.03193651408109939,0.9166666666666666,8.871253911416497e-05,5.802118375377063,9.24319470884713,1,0,1
1,0,0.0,1,0,2060.0,2209.0,134.0,360.0,1.0,1,4269.0,0.03138908409463575,0.37222222222222223,8.719190026287708e-05,4.90527477843843,8.35936910622267,1,1,0
0,0,1.0,1,0,3481.0,0.0,155.0,36.0,1.0,0,3481.0,0.04452743464521689,4.305555555555555,0.001236873184589358,5.049856007249537,8.155362120328135,0,1,0
0,0,0.0,1,0,7200.0,0.0,120.0,360.0,1.0,1,7200.0,0.016666666666666666,0.3333333333333333,4.6296296296296294e-05,4.795790545596741,8.881975184248867,0,0,0
1,0,0.0,1,1,5166.0,0.0,128.0,360.0,1.0,1,5166.0,0.024777390631049168,0.35555555555555557,6.88260850862477e-05,4.859812404361672,8.550047528287184,0,1,0
1,0,0.0,1,0,4095.0,3447.0,151.0,360.0,1.0,1,7542.0,0.02002121453195439,0.41944444444444445,5.5614484810984415e-05,5.0238805208462765,8.928375259853631,1,0,0
1,1,2.0,1,0,4708.0,1387.0,150.0,360.0,1.0,1,6095.0,0.02461033634126333,0.4166666666666667,6.836204539239814e-05,5.017279836814924,8.715388097366482,1,1,0
1,1,3.0,1,0,4333.0,1811.0,160.0,360.0,0.0,1,6144.0,0.026041666666666668,0.4444444444444444,7.233796296296296e-05,5.081404364984463,8.723394022000136,1,0,1
0,0,0.0,1,0,3418.0,0.0,135.0,360.0,1.0,0,3418.0,0.03949678174370977,0.375,0.00010971328262141603,4.912654885736052,8.137103389639302,0,0,0
0,0,1.0,1,0,2876.0,1560.0,90.0,360.0,1.0,1,4436.0,0.02028854824165915,0.25,5.63570784490532e-05,4.51085950651685,8.39773375137891,1,0,1
0,0,0.0,1,0,3237.0,0.0,30.65,360.0,1.0,1,3237.0,0.009468643805993203,0.08513888888888889,2.6301788349981122e-05,3.4547381485901854,8.08271113423758,0,0,1
1,1,0.0,1,0,11146.0,0.0,136.0,360.0,1.0,1,11146.0,0.012201686703750225,0.37777777777777777,3.389357417708395e-05,4.919980925828125,9.318925682389624,0,0,1
1,0,0.0,1,0,2833.0,1857.0,126.0,360.0,1.0,1,4690.0,0.026865671641791045,0.35,7.462686567164179e-05,4.844187086458591,8.453401058328458,1,0,0
1,1,0.0,1,0,2620.0,2223.0,150.0,360.0,1.0,1,4843.0,0.03097253768325418,0.4166666666666667,8.603482689792829e-05,5.017279836814924,8.485496104672983,1,1,0
1,1,2.0,1,0,3900.0,0.0,90.0,360.0,1.0,1,3900.0,0.023076923076923078,0.25,6.41025641025641e-05,4.51085950651685,8.268988209506656,0,1,0
1,1,1.0,1,0,2750.0,1842.0,115.0,360.0,1.0,1,4592.0,0.02504355400696864,0.3194444444444444,6.956542779713511e-05,4.7535901911063645,8.432288684325794,1,1,0
1,1,0.0,1,0,3993.0,3274.0,207.0,360.0,1.0,1,7267.0,0.02848493188385854,0.575,7.912481078849594e-05,5.337538079701318,8.891236429516061,1,1,0
1,1,0.0,1,0,3103.0,1300.0,80.0,360.0,1.0,1,4403.0,0.018169429934135818,0.2222222222222222,5.047063870593282e-05,4.394449154672439,8.390268497842571,1,0,1
1,1,0.0,1,0,14583.0,0.0,436.0,360.0,1.0,1,14583.0,0.02989782623602825,1.211111111111111,8.304951732230069e-05,6.07993319509559,9.5876803163585,0,1,0
0,1,0.0,0,0,4100.0,0.0,124.0,360.0,1.0,1,4100.0,0.03024390243902439,0.34444444444444444,8.401084010840109e-05,4.8283137373023015,8.31898612539206,0,0,0
1,0,1.0,0,1,4053.0,2426.0,158.0,360.0,0.0,0,6479.0,0.02438647939496836,0.4388888888888889,6.774022054157877e-05,5.0689042022202315,8.776475789346321,1,0,1
1,1,0.0,1,0,3927.0,800.0,112.0,360.0,1.0,1,4727.0,0.0236936746350751,0.3111111111111111,6.581576287520861e-05,4.727387818712341,8.461257559085935,1,1,0
1,1,2.0,1,0,2301.0,985.7999878,78.0,180.0,1.0,1,3286.7999878,0.023731288879615956,0.43333333333333335,0.0001318404937756442,4.3694478524670215,8.097973923364721,1,0,1
0,0,0.0,1,0,1811.0,1666.0,54.0,360.0,1.0,1,3477.0,0.015530629853321829,0.15,4.3140638481449525e-05,4.007333185232471,8.154212694914229,1,0,1
1,1,0.0,1,0,20667.0,0.0,128.0,360.0,1.0,0,20667.0,0.006193448492766246,0.35555555555555557,1.720402359101735e-05,4.859812404361672,9.936341889407075,0,0,0
1,0,0.0,1,0,3158.0,3053.0,89.0,360.0,1.0,1,6211.0,0.014329415553051039,0.24722222222222223,3.980393209180844e-05,4.499809670330265,8.734238184268579,1,0,0
0,0,0.0,1,1,2600.0,1717.0,99.0,300.0,1.0,0,4317.0,0.022932592077831826,0.33,7.644197359277276e-05,4.605170185988092,8.370547611074752,1,1,0
1,1,0.0,1,0,3704.0,2000.0,120.0,360.0,1.0,1,5704.0,0.021037868162692847,0.3333333333333333,5.8438522674146794e-05,4.795790545596741,8.649098262296176,1,0,0
0,0,0.0,1,0,4124.0,0.0,115.0,360.0,1.0,1,4124.0,0.027885548011639186,0.3194444444444444,7.745985558788662e-05,4.7535901911063645,8.324821298768782,0,1,0
1,0,0.0,1,0,9508.0,0.0,187.0,360.0,1.0,1,9508.0,0.019667648296171646,0.5194444444444445,5.463235637825457e-05,5.236441962829949,9.159993997539445,0,0,0
1,1,0.0,1,0,3075.0,2416.0,139.0,360.0,1.0,1,5491.0,0.025314150427973046,0.3861111111111111,7.031708452214735e-05,4.941642422609304,8.61104776688786,1,0,0
1,1,2.0,1,0,4400.0,0.0,127.0,360.0,0.0,0,4400.0,0.028863636363636362,0.3527777777777778,8.017676767676768e-05,4.852030263919617,8.38958706681109,0,1,0
1,1,2.0,1,0,3153.0,1560.0,134.0,360.0,1.0,1,4713.0,0.028431996605134735,0.37222222222222223,7.897776834759648e-05,4.90527477843843,8.458292083496076,1,0,1
0,0,0.0,1,0,5417.0,0.0,143.0,480.0,0.0,0,5417.0,0.026398375484585564,0.29791666666666666,5.499661559288659e-05,4.969813299576001,8.59748202264504,0,0,1
1,1,0.0,1,0,2383.0,3334.0,172.0,360.0,1.0,1,5717.0,0.03008570928808816,0.4777777777777778,8.357141468913377e-05,5.153291594497779,8.651374372882257,1,1,0
1,1,3.0,1,0,4416.0,1250.0,110.0,360.0,1.0,1,5666.0,0.01941404871161313,0.3055555555555556,5.3927913087814255e-05,4.709530201312334,8.64241515616962,1,0,1
1,1,1.0,1,0,6875.0,0.0,200.0,360.0,1.0,1,6875.0,0.02909090909090909,0.5555555555555556,8.080808080808081e-05,5.303304908059076,8.83579236650274,0,1,0
0,1,1.0,1,0,4666.0,0.0,135.0,360.0,1.0,1,4666.0,0.028932704672096014,0.375,8.03686240891556e-05,4.912654885736052,8.448271745949816,0,0,1
0,0,0.0,1,0,5000.0,2541.0,151.0,480.0,1.0,0,7541.0,0.020023869513327144,0.3145833333333333,4.171639481943155e-05,5.0238805208462765,8.928242677818302,1,0,0
1,1,1.0,1,0,2014.0,2925.0,113.0,360.0,1.0,0,4939.0,0.02287912532901397,0.3138888888888889,6.35531259139277e-05,4.736198448394496,8.505120610181969,1,0,1
1,1,0.0,0,0,1800.0,2934.0,93.0,360.0,0.0,0,4734.0,0.01964512040557668,0.25833333333333336,5.4569778904379673e-05,4.543294782270004,8.462737005620179,1,0,1
1,1,0.0,0,0,2875.0,1750.0,105.0,360.0,1.0,1,4625.0,0.022702702702702703,0.2916666666666667,6.306306306306306e-05,4.663439094112067,8.439447842791385,1,1,0
0,0,0.0,1,0,5000.0,0.0,132.0,360.0,1.0,1,5000.0,0.0264,0.36666666666666664,7.333333333333333e-05,4.890349128221754,8.517393171418904,0,0,0
1,1,1.0,1,0,1625.0,1803.0,96.0,360.0,1.0,1,3428.0,0.028004667444574097,0.26666666666666666,7.77907429015947e-05,4.574710978503383,8.14002395246292,1,0,1
1,0,0.0,1,0,4000.0,2500.0,140.0,360.0,1.0,1,6500.0,0.021538461538461538,0.3888888888888889,5.982905982905983e-05,4.948759890378168,8.77971129020447,1,0,0
1,0,0.0,0,0,2000.0,0.0,128.0,360.0,1.0,0,2000.0,0.064,0.35555555555555557,0.00017777777777777779,4.859812404361672,7.601402334583733,0,0,1
0,0,0.0,1,0,3762.0,1666.0,135.0,360.0,1.0,1,5428.0,0.024871039056742816,0.375,6.908621960206338e-05,4.912654885736052,8.599510233905452,1,0,0
0,0,0.0,1,0,2400.0,1863.0,104.0,360.0,0.0,0,4263.0,0.02439596528266479,0.28888888888888886,6.776657022962441e-05,4.653960350157523,8.357962965845681,1,0,1
1,0,0.0,1,0,20233.0,0.0,480.0,360.0,1.0,0,20233.0,0.02372361982899224,1.3333333333333333,6.589894396942289e-05,6.175867270105761,9.915119636765835,0,0,0
1,1,2.0,0,0,7667.0,0.0,185.0,360.0,1.0,1,7667.0,0.024129385678883526,0.5138888888888888,6.702607133023201e-05,5.225746673713202,8.944811104165534,0,0,0
0,0,0.0,1,0,2917.0,0.0,84.0,360.0,1.0,1,2917.0,0.028796708947548853,0.23333333333333334,7.99908581876357e-05,4.442651256490317,7.978653729082731,0,1,0
1,0,0.0,0,0,2927.0,2405.0,111.0,360.0,1.0,1,5332.0,0.020817704426106528,0.30833333333333335,5.7826956739184796e-05,4.718498871295094,8.581669210600602,1,1,0
0,0,0.0,1,0,2507.0,0.0,56.0,360.0,1.0,1,2507.0,0.022337455125648185,0.15555555555555556,6.204848646013385e-05,4.04305126783455,7.827240901752812,0,0,0
1,1,2.0,1,1,5746.0,0.0,144.0,84.0,1.0,1,5746.0,0.025060911938739994,1.7142857142857142,0.0002983441897469047,4.976733742420574,8.656433258507741,0,0,0
1,1,0.0,1,0,2473.0,1843.0,159.0,360.0,1.0,0,4316.0,0.036839666357738644,0.44166666666666665,0.00010233240654927402,5.075173815233827,8.370315995555478,1,0,0
1,1,1.0,0,0,3399.0,1640.0,111.0,180.0,1.0,1,5039.0,0.022028180194483032,0.6166666666666667,0.00012237877885823908,4.718498871295094,8.525161361065415,1,0,1
1,1,2.0,1,0,3717.0,0.0,120.0,360.0,1.0,1,3717.0,0.03228410008071025,0.3333333333333333,8.96780557797507e-05,4.795790545596741,8.220941168281389,0,1,0
1,1,0.0,1,0,2058.0,2134.0,88.0,360.0,1.0,1,4192.0,0.02099236641221374,0.24444444444444444,5.8312128922815945e-05,4.48863636973214,8.341171747170762,1,0,1
0,0,1.0,1,0,3541.0,0.0,112.0,360.0,1.0,1,3541.0,0.031629483196837054,0.3111111111111111,8.785967554676959e-05,4.727387818712341,8.17244681834278,0,1,0
1,1,1.0,1,1,10000.0,0.0,155.0,360.0,1.0,0,10000.0,0.0155,0.4305555555555556,4.305555555555556e-05,5.049856007249537,9.210440366976517,0,0,0
1,1,0.0,1,0,2400.0,2167.0,115.0,360.0,1.0,1,4567.0,0.025180643748631486,0.3194444444444444,6.994623263508746e-05,4.7535901911063645,8.426830751335846,1,1,0
1,1,3.0,1,0,4342.0,189.0,124.0,360.0,1.0,1,4531.0,0.027367027146325315,0.34444444444444444,7.601951985090365e-05,4.8283137373023015,8.418918622147897,1,1,0
1,1,2.0,0,0,3601.0,1590.0,128.0,360.0,1.0,1,5191.0,0.024658062030437296,0.35555555555555557,6.849461675121471e-05,4.859812404361672,8.554874258383926,1,0,0
0,0,0.0,1,0,3166.0,2985.0,132.0,360.0,1.0,1,6151.0,0.021459925215412127,0.36666666666666664,5.96109033761448e-05,4.890349128221754,8.72453251118548,1,0,0
1,1,3.0,1,0,15000.0,0.0,300.0,360.0,1.0,1,15000.0,0.02,0.8333333333333334,5.555555555555556e-05,5.707110264748875,9.61587214452889,0,0,0
1,1,1.0,1,1,8666.0,4983.0,376.0,360.0,0.0,0,13649.0,0.027547805700051286,1.0444444444444445,7.652168250014247e-05,5.932245187448011,9.521494800613105,1,0,0
1,0,0.0,1,0,4917.0,0.0,130.0,360.0,0.0,1,4917.0,0.026438885499288182,0.3611111111111111,7.344134860913385e-05,4.875197323201151,8.500657222776137,0,0,0
1,1,0.0,1,1,5818.0,2160.0,184.0,360.0,1.0,1,7978.0,0.023063424417147156,0.5111111111111111,6.406506782540876e-05,5.220355825078324,8.984568369308281,1,1,0
0,1,0.0,1,0,4333.0,2451.0,110.0,360.0,1.0,0,6784.0,0.016214622641509434,0.3055555555555556,4.504061844863732e-05,4.709530201312334,8.82246957226897,1,0,1
0,0,0.0,1,0,2500.0,0.0,67.0,360.0,1.0,1,2500.0,0.0268,0.18611111111111112,7.444444444444444e-05,4.219507705176107,7.824445930877619,0,0,1
1,0,1.0,1,0,4384.0,1793.0,117.0,360.0,1.0,1,6177.0,0.01894123360854784,0.325,5.2614537801521776e-05,4.770684624465665,8.728749873478527,1,0,1
1,0,0.0,1,0,2935.0,0.0,98.0,360.0,1.0,1,2935.0,0.03339011925042589,0.2722222222222222,9.275033125118304e-05,4.59511985013459,7.984803389734406,0,1,0
1,0,0.0,1,0,2833.0,0.0,71.0,360.0,1.0,1,2833.0,0.025061771973173313,0.19722222222222222,6.961603325881476e-05,4.276666119016055,7.949444420250626,0,0,1
1,1,0.0,1,0,32540.410000000047,0.0,490.0,180.0,1.0,1,32540.410000000047,0.015058199942778818,2.7222222222222223,8.365666634877122e-05,6.19644412779452,10.39026871111883,0,0,1
1,1,1.0,1,1,9833.0,1833.0,182.0,180.0,1.0,1,11666.0,0.015600891479513115,1.011111111111111,8.667161933062842e-05,5.209486152841421,9.364519622823858,1,0,1
1,1,0.0,1,1,5503.0,4490.0,70.0,360.0,1.0,1,9993.0,0.007004903432402682,0.19444444444444445,1.945806509000745e-05,4.2626798770413155,9.20974019190415,1,1,0
1,1,1.0,1,0,5250.0,688.0,160.0,360.0,1.0,1,5938.0,0.02694509936005389,0.4444444444444444,7.484749822237191e-05,5.081404364984463,8.68929604801586,1,0,0
1,1,2.0,1,1,2500.0,4600.0,176.0,360.0,1.0,1,7100.0,0.024788732394366197,0.4888888888888889,6.885758998435054e-05,5.176149732573829,8.867990898182093,1,0,0
0,0,3.0,0,0,1830.0,0.0,128.0,360.0,0.0,0,1830.0,0.06994535519125683,0.35555555555555557,0.00019429265330904677,4.859812404361672,7.5126175446745105,0,0,1
0,0,0.0,1,0,4160.0,0.0,71.0,360.0,1.0,1,4160.0,0.01706730769230769,0.19722222222222222,4.740918803418803e-05,4.276666119016055,8.333510708982942,0,1,0
1,1,3.0,0,0,2647.0,1587.0,173.0,360.0,1.0,0,4234.0,0.040859707132735006,0.48055555555555557,0.00011349918647981945,5.159055299214529,8.351138607086154,1,0,0
0,0,0.0,1,0,2378.0,0.0,46.0,360.0,1.0,0,2378.0,0.01934398654331371,0.12777777777777777,5.373329595364919e-05,3.8501476017100584,7.774435510302958,0,0,0
1,1,1.0,0,0,4554.0,1229.0,158.0,360.0,1.0,1,5783.0,0.027321459450112398,0.4388888888888889,7.589294291697888e-05,5.0689042022202315,8.6628507638386,1,0,1
1,1,3.0,0,0,3173.0,0.0,74.0,360.0,1.0,1,3173.0,0.023321777497636306,0.20555555555555555,6.478271527121196e-05,4.31748811353631,8.062747901086354,0,1,0
1,1,2.0,1,0,2583.0,2330.0,125.0,360.0,1.0,1,4913.0,0.0254427030327702,0.3472222222222222,7.067417509102834e-05,4.836281906951478,8.499843553081124,1,0,0
1,1,0.0,1,0,2499.0,2458.0,160.0,360.0,1.0,1,4957.0,0.03227758725035303,0.4444444444444444,8.965996458431398e-05,5.081404364984463,8.508757712595136,1,1,0
1,1,0.0,0,0,3523.0,3230.0,152.0,360.0,0.0,0,6753.0,0.02250851473419221,0.4222222222222222,6.25236520394228e-05,5.030437921392435,8.817890200945513,1,0,0
1,1,2.0,0,0,3083.0,2168.0,126.0,360.0,1.0,1,5251.0,0.023995429442011044,0.35,6.66539706722529e-05,4.844187086458591,8.566364235422688,1,0,1
1,1,0.0,1,0,6333.0,4583.0,259.0,360.0,1.0,1,10916.0,0.02372663979479663,0.7194444444444444,6.590733276332397e-05,5.560681631015528,9.29807648628027,1,1,0
1,1,0.0,1,0,2625.0,6250.0,187.0,360.0,1.0,1,8875.0,0.021070422535211266,0.5194444444444445,5.852895148669797e-05,5.236441962829949,9.091106284052485,1,0,0
1,1,0.0,1,0,9083.0,0.0,228.0,360.0,1.0,1,9083.0,0.025101838599581636,0.6333333333333333,6.972732944328232e-05,5.43372200355424,9.114269903225448,0,1,0
1,0,0.0,1,0,8750.0,4167.0,308.0,360.0,1.0,0,12917.0,0.023844545947201364,0.8555555555555555,6.623484985333712e-05,5.733341276897746,9.466376966592419,1,0,0
1,1,3.0,1,0,2666.0,2083.0,95.0,360.0,1.0,1,4749.0,0.02000421141292904,0.2638888888888889,5.556725392480288e-05,4.564348191467836,8.465899897028686,1,0,0
0,1,0.0,1,1,5500.0,0.0,105.0,360.0,0.0,0,5500.0,0.019090909090909092,0.2916666666666667,5.303030303030303e-05,4.663439094112067,8.612685172875459,0,0,0
0,1,0.0,1,0,2423.0,505.0,130.0,360.0,1.0,1,2928.0,0.04439890710382514,0.3611111111111111,0.00012333029751062537,4.875197323201151,7.982416346827733,1,1,0
0,0,0.0,1,0,3813.0,0.0,116.0,180.0,1.0,1,3813.0,0.03042223970626803,0.6444444444444445,0.0001690124428126002,4.762173934797756,8.246433786160365,0,0,1
1,1,2.0,1,0,8333.0,3167.0,165.0,360.0,1.0,1,11500.0,0.014347826086956521,0.4583333333333333,3.985507246376812e-05,5.111987788356544,9.350189267092581,1,0,0
1,1,1.0,1,0,3875.0,0.0,67.0,360.0,1.0,0,3875.0,0.01729032258064516,0.18611111111111112,4.802867383512545e-05,4.219507705176107,8.262558973010657,0,0,1
1,1,0.0,0,0,3000.0,1666.0,100.0,480.0,0.0,0,4666.0,0.021431633090441493,0.20833333333333334,4.4649235605086444e-05,4.61512051684126,8.448271745949816,1,0,1
1,1,3.0,1,0,5167.0,3167.0,200.0,360.0,1.0,1,8334.0,0.023998080153587713,0.5555555555555556,6.666133375996588e-05,5.303304908059076,9.028218795184895,1,1,0
0,0,1.0,1,0,4723.0,0.0,81.0,360.0,1.0,0,4723.0,0.017150116451408005,0.225,4.763921236502223e-05,4.406719247264253,8.460411177317253,0,1,0
1,1,2.0,1,0,5000.0,3667.0,236.0,360.0,1.0,1,8667.0,0.027229721933771777,0.6555555555555556,7.563811648269938e-05,5.4680601411351315,9.067393362656249,1,1,0
1,1,0.0,1,0,4750.0,2333.0,130.0,360.0,1.0,1,7083.0,0.01835380488493576,0.3611111111111111,5.098279134704378e-05,4.875197323201151,8.865593998902725,1,0,1
1,1,0.0,1,0,3013.0,3033.0,95.0,300.0,1.0,1,6046.0,0.0157128680119087,0.31666666666666665,5.237622670636233e-05,4.564348191467836,8.707317560273212,1,0,1
1,0,0.0,1,1,6822.0,0.0,141.0,360.0,1.0,1,6822.0,0.020668425681618294,0.39166666666666666,5.741229356005081e-05,4.955827057601261,8.828054536815424,0,0,0
1,0,0.0,0,0,6216.0,0.0,133.0,360.0,1.0,0,6216.0,0.021396396396396396,0.36944444444444446,5.943443443443444e-05,4.897839799950911,8.735042754269337,0,0,0
1,0,0.0,1,0,2500.0,0.0,96.0,480.0,1.0,0,2500.0,0.0384,0.2,8e-05,4.574710978503383,7.824445930877619,0,1,0
1,0,0.0,1,0,5124.0,0.0,124.0,360.0,0.0,0,5124.0,0.02419984387197502,0.34444444444444444,6.722178853326394e-05,4.8283137373023015,8.54188580400661,0,0,0
1,1,1.0,1,0,6325.0,0.0,175.0,360.0,1.0,1,6325.0,0.02766798418972332,0.4861111111111111,7.685551163812033e-05,5.170483995038151,8.752423403865594,0,1,0
1,1,0.0,1,0,19730.0,5266.0,495.87,360.0,1.0,0,24996.0,0.019837974075852135,1.3774166666666667,5.5105483544033714e-05,6.208328422464883,10.126511096649761,1,0,0
0,0,0.0,1,1,15759.0,0.0,55.0,360.0,1.0,1,15759.0,0.0034900691668253063,0.1527777777777778,9.69463657451474e-06,4.02535169073515,9.66523036341187,0,1,0
1,1,2.0,1,0,5185.0,0.0,155.0,360.0,1.0,1,5185.0,0.029893924783027964,0.4305555555555556,8.303867995285547e-05,5.049856007249537,8.55371796609861,0,1,0
1,1,2.0,1,1,9323.0,7873.0,380.0,300.0,1.0,1,17196.0,0.02209816236334031,1.2666666666666666,7.366054121113436e-05,5.942799375126701,9.752490228984199,1,0,0
1,0,1.0,1,0,3062.0,1987.0,111.0,180.0,0.0,0,5049.0,0.021984551396316103,0.6166666666666667,0.00012213639664620057,4.718498871295094,8.527143522269405,1,0,1
0,0,0.0,1,0,2764.0,1459.0,110.0,360.0,1.0,1,4223.0,0.02604783329386692,0.3055555555555556,7.235509248296366e-05,4.709530201312334,8.348537825386098,1,0,1
1,1,0.0,1,0,4817.0,923.0,120.0,180.0,1.0,1,5740.0,0.020905923344947737,0.6666666666666666,0.00011614401858304297,4.795790545596741,8.655388690167637,1,0,1
1,1,3.0,1,0,8750.0,4996.0,130.0,360.0,1.0,1,13746.0,0.009457296668121635,0.3611111111111111,2.6270268522560098e-05,4.875197323201151,9.52857589747142,1,0,0
1,1,0.0,1,0,4310.0,0.0,130.0,360.0,1.0,1,4310.0,0.030162412993039442,0.3611111111111111,8.378448053622067e-05,4.875197323201151,8.368925174747135,0,1,0
1,0,0.0,1,0,3069.0,0.0,71.0,480.0,1.0,0,3069.0,0.023134571521668295,0.14791666666666667,4.819702400347562e-05,4.276666119016055,8.029432840581244,0,0,1
1,1,2.0,1,0,5391.0,0.0,130.0,360.0,1.0,1,5391.0,0.024114264514932295,0.3611111111111111,6.698406809703415e-05,4.875197323201151,8.592671652592143,0,0,1
1,1,0.0,1,0,3333.0,2500.0,128.0,360.0,1.0,1,5833.0,0.021944111092062405,0.35555555555555557,6.095586414461779e-05,4.859812404361672,8.671458150427666,1,1,0
1,0,0.0,1,0,5941.0,4232.0,296.0,360.0,1.0,1,10173.0,0.029096628329892852,0.8222222222222222,8.08239675830357e-05,5.6937321388027,9.22759072538271,1,1,0
0,0,0.0,1,0,6000.0,0.0,156.0,360.0,1.0,1,6000.0,0.026,0.43333333333333335,7.222222222222222e-05,5.056245805348308,8.699681400989514,0,0,1
1,0,0.0,1,1,7167.0,0.0,128.0,360.0,1.0,1,7167.0,0.017859634435607646,0.35555555555555557,4.9610095654465686e-05,4.859812404361672,8.877381954654766,0,0,1
1,1,2.0,1,0,4566.0,0.0,100.0,360.0,1.0,0,4566.0,0.021901007446342532,0.2777777777777778,6.0836131795395925e-05,4.61512051684126,8.426611813185,0,0,1
1,0,1.0,1,0,3667.0,0.0,113.0,180.0,1.0,1,3667.0,0.030815380419961822,0.6277777777777778,0.00017119655788867678,4.736198448394496,8.207401833376355,0,0,1
1,0,0.0,0,0,2346.0,1600.0,132.0,360.0,1.0,1,3946.0,0.03345159655347187,0.36666666666666664,9.292110153742185e-05,4.890349128221754,8.280711075662847,1,1,0
1,1,0.0,0,0,3010.0,3136.0,128.0,360.0,0.0,0,6146.0,0.02082655385616661,0.35555555555555557,5.78515384893517e-05,4.859812404361672,8.72371943690701,1,0,1
1,1,0.0,1,0,2333.0,2417.0,136.0,360.0,1.0,1,4750.0,0.02863157894736842,0.37777777777777777,7.953216374269006e-05,4.919980925828125,8.46611040118692,1,0,1
1,1,0.0,1,0,5488.0,0.0,125.0,360.0,1.0,1,5488.0,0.022776967930029153,0.3472222222222222,6.32693553611921e-05,4.836281906951478,8.610501368549889,0,0,0
1,0,3.0,1,0,9167.0,0.0,185.0,360.0,1.0,1,9167.0,0.020181084324206393,0.5138888888888888,5.6058567567239976e-05,5.225746673713202,9.12347443895452,0,0,0
1,1,3.0,1,0,9504.0,0.0,275.0,360.0,1.0,1,9504.0,0.028935185185185185,0.7638888888888888,8.037551440329218e-05,5.62040086571715,9.15957325492253,0,0,0
1,1,0.0,1,0,2583.0,2115.0,120.0,360.0,1.0,1,4698.0,0.02554278416347382,0.3333333333333333,7.095217823187172e-05,4.795790545596741,8.455104999102815,1,0,1
1,1,2.0,0,0,1993.0,1625.0,113.0,180.0,1.0,1,3618.0,0.03123272526257601,0.6277777777777778,0.00017351514034764448,4.736198448394496,8.193953023563742,1,1,0
1,1,2.0,1,0,3100.0,1400.0,113.0,360.0,1.0,1,4500.0,0.025111111111111112,0.3138888888888889,6.975308641975309e-05,4.736198448394496,8.412054873292933,1,0,1
1,1,2.0,1,0,3276.0,484.0,135.0,360.0,1.0,1,3760.0,0.03590425531914894,0.375,9.973404255319148e-05,4.912654885736052,8.232440158470336,1,1,0
0,0,0.0,1,0,3180.0,0.0,71.0,360.0,0.0,0,3180.0,0.02232704402515723,0.19722222222222222,6.201956673654787e-05,4.276666119016055,8.064950891749143,0,0,1
1,1,0.0,1,0,3033.0,1459.0,95.0,360.0,1.0,1,4492.0,0.021148708815672306,0.2638888888888889,5.8746413376867516e-05,4.564348191467836,8.41027590907016,1,0,1
1,0,0.0,0,0,3902.0,1666.0,109.0,360.0,1.0,1,5568.0,0.019576149425287355,0.30277777777777776,5.437819284802043e-05,4.700480365792417,8.624970783589669,1,0,0
0,0,0.0,1,0,1500.0,1800.0,103.0,360.0,0.0,0,3300.0,0.031212121212121212,0.2861111111111111,8.67003367003367e-05,4.6443908991413725,8.101980731853192,1,1,0
1,1,2.0,0,0,2889.0,0.0,45.0,180.0,0.0,0,2889.0,0.01557632398753894,0.25,8.653513326410523e-05,3.828641396489095,7.969011781106478,0,0,1
1,0,0.0,0,0,2755.0,0.0,65.0,300.0,1.0,0,2755.0,0.023593466424682397,0.21666666666666667,7.864488808227466e-05,4.189654742026425,7.9215356321335495,0,0,0
1,0,0.0,1,0,2500.0,8895.890000000003,103.0,360.0,1.0,1,11395.890000000003,0.009038346280983756,0.2861111111111111,2.5106517447177096e-05,4.6443908991413725,9.34109579014644,1,1,0
0,0,0.0,0,0,1963.0,0.0,53.0,360.0,1.0,1,1963.0,0.026999490575649515,0.14722222222222223,7.499858493235977e-05,3.9889840465642745,7.582738488914411,0,1,0
0,0,0.0,1,1,7441.0,0.0,194.0,360.0,1.0,0,7441.0,0.026071764547775836,0.5388888888888889,7.242156818826622e-05,5.272999558563747,8.914894908906568,0,0,0
0,0,0.0,1,0,4547.0,0.0,115.0,360.0,1.0,1,4547.0,0.025291400923685946,0.3194444444444444,7.025389145468318e-05,4.7535901911063645,8.422442854870427,0,1,0
1,1,0.0,0,0,2167.0,2400.0,115.0,360.0,1.0,1,4567.0,0.025180643748631486,0.3194444444444444,6.994623263508746e-05,4.7535901911063645,8.426830751335846,1,0,1
0,0,0.0,0,0,2213.0,0.0,66.0,360.0,1.0,1,2213.0,0.0298237686398554,0.18333333333333332,8.28438017773761e-05,4.204692619390966,7.7025561132685825,0,0,0
1,1,1.0,1,0,8300.0,0.0,152.0,300.0,0.0,0,8300.0,0.018313253012048194,0.5066666666666667,6.104417670682732e-05,5.030437921392435,9.024131268455035,0,1,0
1,1,3.0,1,0,32540.410000000047,0.0,360.0,360.0,0.0,0,32540.410000000047,0.011063167304898723,1.0,3.073102029138535e-05,5.8888779583328805,10.39026871111883,0,0,0
0,0,1.0,0,1,3867.0,0.0,62.0,360.0,1.0,0,3867.0,0.016033100594776313,0.17222222222222222,4.453639054104531e-05,4.143134726391533,8.260492856573185,0,1,0
1,1,0.0,1,0,6256.0,0.0,160.0,360.0,1.0,1,6256.0,0.02557544757033248,0.4444444444444444,7.104290991759022e-05,5.081404364984463,8.741456115998364,0,0,1
1,1,0.0,0,0,6096.0,0.0,218.0,360.0,0.0,0,6096.0,0.035761154855643046,0.6055555555555555,9.933654126567512e-05,5.389071729816501,8.715552125907816,0,0,0
1,1,0.0,0,0,2253.0,2033.0,110.0,360.0,1.0,1,4286.0,0.025664955669622024,0.3055555555555556,7.129154352672785e-05,4.709530201312334,8.363342466597977,1,0,0
0,1,0.0,0,0,2149.0,3237.0,178.0,360.0,0.0,0,5386.0,0.03304864463423691,0.49444444444444446,9.180179065065809e-05,5.187385805840755,8.591743922680534,1,1,0
0,0,0.0,1,0,2995.0,0.0,60.0,360.0,1.0,1,2995.0,0.02003338898163606,0.16666666666666666,5.564830272676683e-05,4.110873864173311,8.005033344637111,0,0,1
0,0,1.0,1,0,2600.0,0.0,160.0,360.0,1.0,0,2600.0,0.06153846153846154,0.4444444444444444,0.00017094017094017094,5.081404364984463,7.8636512654486515,0,0,1
1,1,2.0,1,1,1600.0,8895.890000000003,239.0,360.0,1.0,0,10495.890000000003,0.02277081791062977,0.6638888888888889,6.32522719739716e-05,5.480638923341991,9.258834301796362,1,0,1
1,1,0.0,1,0,1025.0,2773.0,112.0,360.0,1.0,1,3798.0,0.02948920484465508,0.3111111111111111,8.191445790181967e-05,4.727387818712341,8.242493153187626,1,0,0
1,1,0.0,1,0,3246.0,1417.0,138.0,360.0,1.0,1,4663.0,0.029594681535492173,0.38333333333333336,8.220744870970048e-05,4.9344739331306915,8.447628728030327,1,1,0
1,1,0.0,1,0,5829.0,0.0,138.0,360.0,1.0,1,5829.0,0.023674729799279464,0.38333333333333336,6.576313833133185e-05,4.9344739331306915,8.670772279344538,0,0,0
0,0,0.0,0,0,2720.0,0.0,80.0,360.0,0.0,0,2720.0,0.029411764705882353,0.2222222222222222,8.169934640522875e-05,4.394449154672439,7.908754738783246,0,0,1
1,1,0.0,1,0,1820.0,1719.0,100.0,360.0,1.0,1,3539.0,0.028256569652444195,0.2777777777777778,7.849047125678943e-05,4.61512051684126,8.17188200612782,1,0,1
1,1,1.0,1,0,7250.0,1667.0,110.0,360.0,0.0,0,8917.0,0.01233598743972188,0.3055555555555556,3.426663177700522e-05,4.709530201312334,9.095826985187422,1,0,1
1,1,0.0,1,0,14880.0,0.0,96.0,360.0,1.0,1,14880.0,0.0064516129032258064,0.26666666666666666,1.7921146953405018e-05,4.574710978503383,9.60784051043005,0,1,0
1,1,0.0,1,0,2666.0,4300.0,121.0,360.0,1.0,1,6966.0,0.01737008326155613,0.33611111111111114,4.8250231282100365e-05,4.804021044733257,8.848939995030118,1,0,0
0,0,1.0,0,0,4606.0,0.0,81.0,360.0,1.0,0,4606.0,0.017585757707338254,0.225,4.884932696482849e-05,4.406719247264253,8.435332164935916,0,0,0
1,1,2.0,1,0,5935.0,0.0,133.0,360.0,1.0,1,5935.0,0.02240943555181129,0.36944444444444446,6.22484320883647e-05,4.897839799950911,8.688790784847216,0,1,0
1,1,0.0,1,0,2920.0,16.12000084,87.0,360.0,1.0,1,2936.12000084,0.029630941506174818,0.24166666666666667,8.23081708504856e-05,4.477336814478207,7.9851847886683345,1,0,0
1,0,0.0,0,0,2717.0,0.0,60.0,180.0,1.0,1,2717.0,0.02208317997791682,0.3333333333333333,0.00012268433321064898,4.110873864173311,7.907651594711089,0,0,1
0,0,1.0,1,1,8624.0,0.0,150.0,360.0,1.0,1,8624.0,0.017393320964749538,0.4166666666666667,4.83147804576376e-05,5.017279836814924,9.062420241899561,0,1,0
1,0,0.0,1,0,6500.0,0.0,105.0,360.0,0.0,0,6500.0,0.016153846153846154,0.2916666666666667,4.4871794871794874e-05,4.663439094112067,8.77971129020447,0,0,0
1,0,0.0,1,0,12876.0,0.0,405.0,360.0,1.0,1,12876.0,0.03145386766076421,1.125,8.737185461323393e-05,6.0063531596017325,9.463198053273784,0,1,0
1,1,0.0,1,0,2425.0,2340.0,143.0,360.0,1.0,1,4765.0,0.030010493179433367,0.3972222222222222,8.336248105398157e-05,4.969813299576001,8.469262657658687,1,1,0
1,0,0.0,1,0,3750.0,0.0,100.0,360.0,1.0,1,3750.0,0.02666666666666667,0.2777777777777778,7.407407407407407e-05,4.61512051684126,8.229777750081887,0,0,1
0,1,0.0,1,0,10047.0,0.0,128.0,240.0,1.0,1,10047.0,0.012740121429282374,0.5333333333333333,5.3083839288676555e-05,4.859812404361672,9.21512888870798,0,1,0
1,0,0.0,1,0,1926.0,1851.0,50.0,360.0,1.0,1,3777.0,0.013238019592268996,0.1388888888888889,3.677227664519166e-05,3.9318256327243257,8.236950048061455,1,1,0
1,1,0.0,1,0,2213.0,1125.0,128.0,360.0,1.0,1,3338.0,0.03834631515877771,0.35555555555555557,0.00010651754210771586,4.859812404361672,8.113426639943654,1,0,1
1,0,0.0,1,1,10416.0,0.0,187.0,360.0,0.0,0,10416.0,0.0179531490015361,0.5194444444444445,4.9869858337600275e-05,5.236441962829949,9.251194365984448,0,0,1
0,1,0.0,0,1,7142.0,0.0,138.0,360.0,1.0,1,7142.0,0.019322318678241388,0.38333333333333336,5.367310743955942e-05,4.9344739331306915,8.873888135154973,0,0,0
1,0,0.0,1,0,3660.0,5064.0,187.0,360.0,1.0,1,8724.0,0.021435121503897293,0.5194444444444445,5.954200417749249e-05,5.236441962829949,9.073947747070628,1,1,0
1,1,0.0,1,0,7901.0,1833.0,180.0,360.0,1.0,1,9734.0,0.018491884117526197,0.5,5.13663447709061e-05,5.198497031265826,9.1834829178063,1,0,0
1,0,3.0,0,0,4707.0,1993.0,148.0,360.0,1.0,1,6700.0,0.02208955223880597,0.4111111111111111,6.135986733001658e-05,5.003946305945459,8.81001204797317,1,1,0
1,0,1.0,1,0,32540.410000000047,0.0,152.0,360.0,1.0,1,32540.410000000047,0.004671115084290572,0.4222222222222222,1.2975319678584923e-05,5.030437921392435,10.39026871111883,0,1,0
1,1,0.0,1,0,7333.0,8333.0,175.0,300.0,1.0,1,15666.0,0.011170688114387846,0.5833333333333334,3.723562704795949e-05,5.170483995038151,9.659311868393488,1,0,0
1,1,1.0,1,1,3466.0,1210.0,130.0,360.0,1.0,1,4676.0,0.027801539777587682,0.3611111111111111,7.722649938218801e-05,4.875197323201151,8.450412157725886,1,0,0
1,1,2.0,0,0,4652.0,0.0,110.0,360.0,1.0,1,4652.0,0.023645743766122097,0.3055555555555556,6.568262157256139e-05,4.709530201312334,8.445267451844648,0,0,0
1,1,0.0,1,0,3539.0,1376.0,55.0,360.0,1.0,0,4915.0,0.011190233977619531,0.1527777777777778,3.108398327116537e-05,4.02535169073515,8.500250470685925,1,0,0
1,1,2.0,1,0,3340.0,1710.0,150.0,360.0,0.0,0,5050.0,0.0297029702970297,0.4166666666666667,8.250825082508251e-05,5.017279836814924,8.527341522468053,1,0,0
1,0,1.0,0,1,2769.0,1542.0,190.0,360.0,1.0,0,4311.0,0.04407330085826954,0.5277777777777778,0.0001224258357174154,5.25227342804663,8.369157112588834,1,1,0
1,1,2.0,0,0,2309.0,1255.0,125.0,360.0,0.0,0,3564.0,0.035072951739618406,0.3472222222222222,9.742486594338446e-05,4.836281906951478,8.178919332848396,1,0,0
1,1,2.0,0,0,1958.0,1456.0,60.0,300.0,1.0,1,3414.0,0.01757469244288225,0.2,5.858230814294083e-05,4.110873864173311,8.13593277200489,1,0,1
1,1,0.0,1,0,3948.0,1733.0,149.0,360.0,0.0,0,5681.0,0.02622777679985918,0.41388888888888886,7.285493555516439e-05,5.0106352940962555,8.645058562414134,1,0,0
1,1,0.0,1,0,2483.0,2466.0,90.0,180.0,0.0,1,4949.0,0.018185492018589614,0.5,0.00010103051121438674,4.51085950651685,8.507142855562735,1,0,0
1,0,0.0,1,1,7085.0,0.0,84.0,360.0,1.0,1,7085.0,0.011856033874382499,0.23333333333333334,3.293342742884027e-05,4.442651256490317,8.865876285425417,0,1,0
1,1,2.0,1,0,3859.0,0.0,96.0,360.0,1.0,1,3859.0,0.024876911116869654,0.26666666666666666,6.910253088019349e-05,4.574710978503383,8.258422462458876,0,1,0
1,1,0.0,1,0,4301.0,0.0,118.0,360.0,1.0,1,4301.0,0.027435480120902116,0.3277777777777778,7.620966700250588e-05,4.77912349311153,8.366835309827675,0,0,1
1,1,0.0,1,0,3708.0,2569.0,173.0,360.0,1.0,0,6277.0,0.027560936753226063,0.48055555555555557,7.655815764785017e-05,5.159055299214529,8.744806737401898,1,0,1
1,0,2.0,1,0,4354.0,0.0,136.0,360.0,1.0,1,4354.0,0.03123564538355535,0.37777777777777777,8.676568162098708e-05,4.919980925828125,8.379079889286603,0,0,0
1,1,0.0,1,0,8334.0,0.0,160.0,360.0,1.0,0,8334.0,0.01919846412287017,0.4444444444444444,5.3329067007972695e-05,5.081404364984463,9.028218795184895,0,1,0
1,1,0.0,1,1,2083.0,4083.0,160.0,360.0,1.0,1,6166.0,0.025948751216347713,0.4444444444444444,7.207986448985475e-05,5.081404364984463,8.726967774991493,1,1,0
1,1,3.0,1,0,7740.0,0.0,128.0,180.0,1.0,1,7740.0,0.016537467700258397,0.7111111111111111,9.18748205569911e-05,4.859812404361672,8.954286157204713,0,0,1
1,1,0.0,1,0,3015.0,2188.0,153.0,360.0,1.0,1,5203.0,0.02940611185854315,0.425,8.168364405150874e-05,5.0369526024136295,8.557182839632397,1,0,0
0,0,1.0,0,0,5191.0,0.0,132.0,360.0,1.0,1,5191.0,0.025428626468888462,0.36666666666666664,7.063507352469016e-05,4.890349128221754,8.554874258383926,0,1,0
1,0,0.0,1,0,4166.0,0.0,98.0,360.0,0.0,0,4166.0,0.023523763802208355,0.2722222222222222,6.534378833946764e-05,4.59511985013459,8.334951631422454,0,1,0
1,0,0.0,1,0,6000.0,0.0,140.0,360.0,1.0,1,6000.0,0.023333333333333334,0.3888888888888889,6.481481481481482e-05,4.948759890378168,8.699681400989514,0,0,0
1,1,3.0,0,0,2947.0,1664.0,70.0,180.0,0.0,0,4611.0,0.015181088700932552,0.3888888888888889,8.433938167184752e-05,4.2626798770413155,8.436416881388949,1,0,1
1,1,0.0,1,0,16692.0,0.0,110.0,360.0,1.0,1,16692.0,0.006589983225497244,0.3055555555555556,1.830550895971457e-05,4.709530201312334,9.722744748855389,0,1,0
0,1,2.0,0,0,1025.0,2917.0,98.0,360.0,1.0,1,3942.0,0.024860476915271434,0.2722222222222222,6.905688032019842e-05,4.59511985013459,8.279697133877628,1,1,0
1,1,0.0,1,0,4333.0,2451.0,110.0,360.0,1.0,0,6784.0,0.016214622641509434,0.3055555555555556,4.504061844863732e-05,4.709530201312334,8.82246957226897,1,0,1
1,1,1.0,1,1,3450.0,2079.0,162.0,360.0,1.0,1,5529.0,0.02930005425935974,0.45,8.138903960933261e-05,5.093750200806762,8.61794309451638,1,1,0
1,1,1.0,0,0,2653.0,1500.0,113.0,180.0,0.0,0,4153.0,0.027209246327955693,0.6277777777777778,0.00015116247959975386,4.736198448394496,8.331827004436057,1,0,0
1,1,3.0,1,0,4691.0,0.0,100.0,360.0,1.0,1,4691.0,0.021317416329140908,0.2777777777777778,5.9215045358724746e-05,4.61512051684126,8.453614209773367,0,1,0
0,0,0.0,1,1,2500.0,0.0,93.0,360.0,1.0,1,2500.0,0.0372,0.25833333333333336,0.00010333333333333334,4.543294782270004,7.824445930877619,0,0,1
1,0,2.0,1,0,5532.0,4648.0,162.0,360.0,1.0,1,10180.0,0.015913555992141455,0.45,4.420432220039293e-05,5.093750200806762,9.228278517107196,1,0,0
1,1,2.0,1,1,16525.0,1014.0,150.0,360.0,1.0,1,17539.0,0.008552369006214722,0.4166666666666667,2.3756580572818673e-05,5.017279836814924,9.772239265926174,1,0,0
1,1,2.0,1,0,6700.0,1750.0,230.0,300.0,1.0,1,8450.0,0.027218934911242602,0.7666666666666667,9.072978303747535e-05,5.442417710521793,9.042040056544483,1,1,0
1,1,2.0,1,0,2873.0,1872.0,132.0,360.0,0.0,0,4745.0,0.027818756585879872,0.36666666666666664,7.727432384966631e-05,4.890349128221754,8.465057436995709,1,1,0
1,1,1.0,1,1,16667.0,2250.0,86.0,360.0,1.0,1,18917.0,0.004546175397790347,0.2388888888888889,1.2628264993862076e-05,4.465908118654584,9.847869128773116,1,1,0
1,1,2.0,1,0,2947.0,1603.0,128.0,360.0,1.0,0,4550.0,0.028131868131868132,0.35555555555555557,7.814407814407815e-05,4.859812404361672,8.423102268016642,1,0,1
0,0,0.0,0,0,4350.0,0.0,154.0,360.0,1.0,1,4350.0,0.035402298850574714,0.42777777777777776,9.83397190293742e-05,5.043425116919247,8.37816098272068,0,0,0
1,1,3.0,0,0,3095.0,0.0,113.0,360.0,1.0,1,3095.0,0.03651050080775444,0.3138888888888889,0.0001014180577993179,4.736198448394496,8.037866234709618,0,0,0
1,1,0.0,1,0,2083.0,3150.0,128.0,360.0,1.0,1,5233.0,0.024460156697878845,0.35555555555555557,6.794487971633014e-05,4.859812404361672,8.562931083090092,1,1,0
1,1,0.0,1,0,10833.0,0.0,234.0,360.0,1.0,1,10833.0,0.02160066463583495,0.65,6.000184621065264e-05,5.459585514144159,9.290444616217844,0,1,0
1,1,2.0,1,0,8333.0,0.0,246.0,360.0,1.0,1,8333.0,0.029521180847233888,0.6833333333333333,8.200328013120525e-05,5.5093883366279774,9.0280988119824,0,1,0
1,1,1.0,0,0,1958.0,2436.0,131.0,360.0,1.0,1,4394.0,0.029813381884387802,0.3638888888888889,8.2814949678855e-05,4.882801922586371,8.388222810119277,1,0,0
1,0,2.0,1,0,3547.0,0.0,80.0,360.0,0.0,0,3547.0,0.02255427121511136,0.2222222222222222,6.265075337530934e-05,4.394449154672439,8.17413934342947,0,0,0
1,1,1.0,1,0,18333.0,0.0,495.87,360.0,1.0,0,18333.0,0.027047946326296844,1.3774166666666667,7.513318423971345e-05,6.208328422464883,9.816512538521721,0,0,1
1,1,2.0,1,1,4583.0,2083.0,160.0,360.0,1.0,1,6666.0,0.024002400240024,0.4444444444444444,6.667333400006668e-05,5.081404364984463,8.80492526261806,1,1,0
1,0,0.0,1,0,2435.0,0.0,75.0,360.0,1.0,0,2435.0,0.030800821355236138,0.20833333333333334,8.555783709787816e-05,4.330733340286331,7.798112628829788,0,0,1
1,0,0.0,0,0,2699.0,2785.0,96.0,360.0,1.0,1,5484.0,0.0175054704595186,0.26666666666666666,4.862630683199611e-05,4.574710978503383,8.609772372709331,1,1,0
1,1,1.0,0,0,5333.0,1131.0,186.0,360.0,1.0,1,6464.0,0.028774752475247526,0.5166666666666667,7.992986798679869e-05,5.231108616854587,8.774158291205957,1,0,1
1,0,0.0,0,0,3691.0,0.0,110.0,360.0,1.0,1,3691.0,0.029802221620157138,0.3055555555555556,8.278394894488095e-05,4.709530201312334,8.213923595622743,0,0,0
0,0,0.0,0,1,17263.0,0.0,225.0,360.0,1.0,1,17263.0,0.013033655795632277,0.625,3.620459943231188e-05,5.420534999272286,9.756378687497916,0,1,0
1,1,0.0,1,0,3597.0,2157.0,119.0,360.0,0.0,0,5754.0,0.02068126520681265,0.33055555555555555,5.744795890781292e-05,4.787491742782046,8.657824321155983,1,0,0
0,1,1.0,1,0,3326.0,913.0,105.0,84.0,1.0,1,4239.0,0.024769992922859165,1.25,0.0002948808681292758,4.663439094112067,8.352318548226004,1,1,0
1,1,0.0,0,0,2600.0,1700.0,107.0,360.0,1.0,1,4300.0,0.02488372093023256,0.2972222222222222,6.912144702842378e-05,4.68213122712422,8.366602832783736,1,0,0
1,1,0.0,1,0,4625.0,2857.0,111.0,12.0,1.0,1,7482.0,0.01483560545308741,9.25,0.0012363004544239508,4.718498871295094,8.920389060080359,1,0,1
1,1,1.0,1,1,2895.0,0.0,95.0,360.0,1.0,1,2895.0,0.03281519861830743,0.2638888888888889,9.115332949529841e-05,4.564348191467836,7.971085753505607,0,1,0
1,0,0.0,1,0,6283.0,4416.0,209.0,360.0,0.0,0,10699.0,0.019534535937938125,0.5805555555555556,5.426259982760591e-05,5.3471075307174685,9.277999020449997,1,0,0
0,0,0.0,1,0,1025.0,3683.0,113.0,480.0,1.0,1,4708.0,0.024001699235344096,0.23541666666666666,5.000354007363353e-05,4.736198448394496,8.457230850243555,1,0,0
0,0,0.0,1,0,3159.0,0.0,100.0,360.0,1.0,1,3159.0,0.03165558721114277,0.2777777777777778,8.79321866976188e-05,4.61512051684126,8.058327306580958,0,1,0
1,1,2.0,1,0,4865.0,5624.0,208.0,360.0,1.0,1,10489.0,0.01983029840785585,0.5777777777777777,5.508416224404402e-05,5.342334251964811,9.258177701390343,1,1,0
1,1,1.0,0,0,4050.0,5302.0,138.0,360.0,1.0,0,9352.0,0.014756201881950384,0.38333333333333336,4.09894496720844e-05,4.9344739331306915,9.143452426434552,1,0,0
1,1,0.0,0,0,3814.0,1483.0,124.0,300.0,1.0,1,5297.0,0.0234094770624882,0.41333333333333333,7.803159020829401e-05,4.8283137373023015,8.575084669832014,1,1,0
1,1,2.0,1,0,3510.0,4416.0,243.0,360.0,1.0,1,7926.0,0.030658591975775928,0.675,8.516275548826646e-05,5.497168225293202,8.978029932837156,1,0,0
1,1,0.0,1,0,20833.0,6667.0,480.0,360.0,1.0,1,27500.0,0.017454545454545455,1.3333333333333333,4.848484848484848e-05,6.175867270105761,10.221977646629885,1,0,1
1,0,0.0,1,0,3583.0,0.0,96.0,360.0,1.0,0,3583.0,0.026793190064192018,0.26666666666666666,7.442552795608894e-05,4.574710978503383,8.18423477409482,0,0,1
1,1,0.0,1,1,2479.0,3013.0,188.0,360.0,1.0,1,5492.0,0.03423160961398398,0.5222222222222223,9.508780448328883e-05,5.241747015059643,8.61122983334262,1,0,1
0,0,1.0,1,0,13262.0,0.0,40.0,360.0,1.0,1,13262.0,0.003016136329362087,0.1111111111111111,8.378156470450242e-06,3.713572066704308,9.492733482494353,0,0,1
1,0,0.0,0,0,3598.0,1287.0,100.0,360.0,1.0,0,4885.0,0.02047082906857728,0.2777777777777778,5.6863414079381326e-05,4.61512051684126,8.494129251817686,1,0,0
1,1,1.0,1,0,6065.0,2004.0,250.0,360.0,1.0,1,8069.0,0.030982773577890692,0.6944444444444444,8.606325993858526e-05,5.5254529391317835,8.995908761263994,1,1,0
1,1,2.0,1,0,3283.0,2035.0,148.0,360.0,1.0,1,5318.0,0.027830011282437006,0.4111111111111111,7.730558689565835e-05,5.003946305945459,8.579040594742317,1,0,1
1,1,0.0,1,0,2130.0,6666.0,70.0,180.0,1.0,0,8796.0,0.007958162801273306,0.3888888888888889,4.4212015562629476e-05,4.2626798770413155,9.082166033252674,1,1,0
1,0,0.0,1,0,5815.0,3666.0,311.0,360.0,1.0,0,9481.0,0.03280244699926168,0.8638888888888889,9.111790833128245e-05,5.7430031878094825,9.157150543462064,1,0,0
1,1,3.0,1,0,3466.0,3428.0,150.0,360.0,1.0,1,6894.0,0.02175805047867711,0.4166666666666667,6.043902910743642e-05,5.017279836814924,8.838551790227402,1,0,0
0,1,2.0,1,0,2031.0,1632.0,113.0,480.0,1.0,1,3663.0,0.03084903084903085,0.23541666666666666,6.426881426881427e-05,4.736198448394496,8.20631072579402,1,1,0
1,1,0.0,0,0,3074.0,1800.0,123.0,360.0,0.0,0,4874.0,0.025235945835043086,0.3416666666666667,7.009984954178635e-05,4.820281565605037,8.491875383431948,1,1,0
1,0,0.0,1,0,4683.0,1915.0,185.0,360.0,1.0,0,6598.0,0.02803879963625341,0.5138888888888888,7.788555454514836e-05,5.225746673713202,8.794673401383422,1,1,0
0,0,0.0,0,0,3400.0,0.0,95.0,360.0,1.0,0,3400.0,0.027941176470588237,0.2638888888888889,7.761437908496732e-05,4.564348191467836,8.131824785007195,0,0,0
1,1,2.0,0,0,2192.0,1742.0,45.0,360.0,1.0,1,3934.0,0.011438739196746314,0.125,3.177427554651754e-05,3.828641396489095,8.277666160851503,1,1,0
1,0,0.0,1,0,2500.0,0.0,55.0,360.0,1.0,1,2500.0,0.022,0.1527777777777778,6.111111111111112e-05,4.02535169073515,7.824445930877619,0,1,0
1,1,3.0,1,1,5677.0,1424.0,100.0,360.0,1.0,1,7101.0,0.01408252358822701,0.2777777777777778,3.911812107840836e-05,4.61512051684126,8.868131713503033,1,0,0
1,1,2.0,1,1,7948.0,7166.0,480.0,360.0,1.0,1,15114.0,0.031758634378721715,1.3333333333333333,8.821842882978253e-05,6.175867270105761,9.623442907213558,1,0,0
1,0,0.0,1,0,4680.0,2087.0,128.0,360.0,1.0,0,6767.0,0.01891532436825772,0.35555555555555557,5.254256768960478e-05,4.859812404361672,8.81996090128606,1,1,0
1,1,2.0,1,1,17500.0,0.0,400.0,360.0,1.0,1,17500.0,0.022857142857142857,1.1111111111111112,6.349206349206349e-05,5.993961427306569,9.770013301136158,0,0,0
1,1,0.0,1,0,3775.0,0.0,110.0,360.0,1.0,1,3775.0,0.02913907284768212,0.3055555555555556,8.094186902133922e-05,4.709530201312334,8.236420527265391,0,1,0
1,1,1.0,0,0,5285.0,1430.0,161.0,360.0,0.0,1,6715.0,0.023976172747580043,0.44722222222222224,6.660047985438902e-05,5.087596335232384,8.812248018197431,1,1,0
1,0,1.0,0,0,2679.0,1302.0,94.0,360.0,1.0,1,3981.0,0.02361215774930922,0.2611111111111111,6.55893270814145e-05,4.553876891600541,8.289539484624141,1,1,0
1,0,0.0,0,0,6783.0,0.0,130.0,360.0,1.0,1,6783.0,0.019165560961226596,0.3611111111111111,5.3237669336740546e-05,4.875197323201151,8.822322177471738,0,1,0
1,1,0.0,1,0,1025.0,5500.0,216.0,360.0,1.0,1,6525.0,0.03310344827586207,0.6,9.195402298850575e-05,5.37989735354046,8.783549477153265,1,0,0
1,1,3.0,1,0,4281.0,0.0,100.0,360.0,1.0,1,4281.0,0.023359028264424198,0.2777777777777778,6.488618962340056e-05,4.61512051684126,8.362175469149628,0,0,1
1,0,2.0,1,0,3588.0,0.0,110.0,360.0,0.0,0,3588.0,0.030657748049052396,0.3055555555555556,8.516041124736778e-05,4.709530201312334,8.185628891147607,0,0,0
1,0,1.0,1,0,11250.0,0.0,196.0,360.0,1.0,0,11250.0,0.01742222222222222,0.5444444444444444,4.839506172839506e-05,5.2832037287379885,9.328212292571072,0,1,0
0,0,0.0,0,1,18165.0,0.0,125.0,360.0,1.0,1,18165.0,0.006881365262868153,0.3472222222222222,1.9114903507967092e-05,4.836281906951478,9.80730699406216,0,0,1
1,0,0.0,0,0,2550.0,2042.0,126.0,360.0,1.0,1,4592.0,0.027439024390243903,0.35,7.621951219512195e-05,4.844187086458591,8.432288684325794,1,0,0
1,1,0.0,1,0,6133.0,3906.0,324.0,360.0,1.0,1,10039.0,0.03227413088953083,0.9,8.965036358203008e-05,5.783825182329737,9.214332393245721,1,0,1
1,0,2.0,1,0,3617.0,0.0,107.0,360.0,1.0,1,3617.0,0.029582526956040918,0.2972222222222222,8.217368598900256e-05,4.68213122712422,8.193676665955241,0,1,0
1,1,0.0,0,0,2917.0,536.0,66.0,360.0,1.0,0,3453.0,0.019113814074717638,0.18333333333333332,5.309392798532677e-05,4.204692619390966,8.147288258706624,1,0,0
1,1,3.0,1,0,6417.0,0.0,157.0,180.0,1.0,1,6417.0,0.02446626149290946,0.8722222222222222,0.0001359236749606081,5.062595033026967,8.766861821669803,0,0,0
0,1,1.0,1,0,4608.0,2845.0,140.0,180.0,1.0,1,7453.0,0.018784382128002146,0.7777777777777778,0.00010435767848890082,4.948759890378168,8.916506080039204,1,1,0
0,0,0.0,1,0,2138.0,0.0,99.0,360.0,0.0,0,2138.0,0.04630495790458372,0.275,0.00012862488306828812,4.605170185988092,7.668093709082406,0,1,0
0,0,1.0,1,0,3652.0,0.0,95.0,360.0,1.0,1,3652.0,0.026013143483023003,0.2638888888888889,7.225873189728612e-05,4.564348191467836,8.203304026795282,0,1,0
1,1,1.0,0,0,2239.0,2524.0,128.0,360.0,1.0,1,4763.0,0.026873819021625025,0.35555555555555557,7.464949728229174e-05,4.859812404361672,8.46884293047519,1,0,1
0,1,0.0,0,0,3017.0,663.0,102.0,360.0,1.0,1,3680.0,0.027717391304347826,0.2833333333333333,7.69927536231884e-05,4.634728988229636,8.210939733379021,1,1,0
1,1,0.0,1,0,2768.0,1950.0,155.0,360.0,1.0,1,4718.0,0.03285290377278508,0.4305555555555556,9.12580660355141e-05,5.049856007249537,8.459352191726387,1,0,0
1,0,0.0,0,0,3358.0,0.0,80.0,36.0,1.0,0,3358.0,0.023823704586063133,2.2222222222222223,0.0006617695718350871,4.394449154672439,8.119398589612294,0,1,0
1,0,0.0,1,0,2526.0,1783.0,145.0,360.0,1.0,1,4309.0,0.03365049895567417,0.4027777777777778,9.347360821020603e-05,4.983606621708336,8.368693183097793,1,0,0
0,0,0.0,1,0,5000.0,0.0,103.0,360.0,0.0,0,5000.0,0.0206,0.2861111111111111,5.722222222222222e-05,4.6443908991413725,8.517393171418904,0,1,0
1,1,0.0,1,0,2785.0,2016.0,110.0,360.0,1.0,1,4801.0,0.022911893355550928,0.3055555555555556,6.36441482098637e-05,4.709530201312334,8.4767877767812,1,0,0
1,1,2.0,1,1,6633.0,0.0,128.0,360.0,0.0,0,6633.0,0.019297452133273028,0.35555555555555557,5.3604033703536195e-05,4.859812404361672,8.799963219506997,0,0,0
1,1,1.0,0,0,2492.0,2375.0,128.0,360.0,1.0,1,4867.0,0.026299568522703924,0.35555555555555557,7.30543570075109e-05,4.859812404361672,8.490438454107418,1,0,0
1,1,1.0,1,0,3333.0,3250.0,158.0,360.0,1.0,1,6583.0,0.024001215251405136,0.4388888888888889,6.667004236501426e-05,5.0689042022202315,8.792397742356906,1,0,1
1,1,0.0,0,0,2454.0,2333.0,181.0,360.0,0.0,0,4787.0,0.03781073741382912,0.5027777777777778,0.00010502982614952534,5.204006687076795,8.473868066677865,1,0,1
1,1,0.0,1,0,3593.0,4266.0,132.0,180.0,0.0,0,7859.0,0.01679603002926581,0.7333333333333333,9.33112779403656e-05,4.890349128221754,8.969541885423252,1,0,0
1,1,1.0,1,0,5468.0,1032.0,30.65,360.0,1.0,1,6500.0,0.004715384615384615,0.08513888888888889,1.3098290598290598e-05,3.4547381485901854,8.77971129020447,1,1,0
0,0,0.0,1,0,2667.0,1625.0,84.0,360.0,1.0,1,4292.0,0.0195712954333644,0.23333333333333334,5.4364709537123334e-05,4.442651256490317,8.36474106822456,1,0,1
1,1,3.0,1,1,10139.0,0.0,260.0,360.0,1.0,1,10139.0,0.025643554591182564,0.7222222222222222,7.123209608661823e-05,5.564520407322694,9.224243277145174,0,1,0
1,1,0.0,1,0,3887.0,2669.0,162.0,360.0,1.0,1,6556.0,0.02471018913971934,0.45,6.863941427699817e-05,5.093750200806762,8.788288460263619,1,1,0
0,1,0.0,1,0,4180.0,2306.0,182.0,360.0,1.0,1,6486.0,0.028060437866173297,0.5055555555555555,7.794566073937027e-05,5.209486152841421,8.777555453213056,1,1,0
1,1,2.0,0,0,3675.0,242.0,108.0,360.0,1.0,1,3917.0,0.027572121521572634,0.3,7.658922644881286e-05,4.6913478822291435,8.273336598504486,1,1,0
0,1,1.0,1,1,19484.0,0.0,495.87,360.0,1.0,1,19484.0,0.025450112913159517,1.3774166666666667,7.069475809210977e-05,6.208328422464883,9.87740021777281,0,1,0
1,1,0.0,1,0,5923.0,2054.0,211.0,360.0,1.0,1,7977.0,0.02645104675943337,0.5861111111111111,7.347512988731492e-05,5.356586274672012,8.984443032465352,1,0,0
1,0,0.0,0,1,5800.0,0.0,132.0,360.0,1.0,1,5800.0,0.022758620689655173,0.36666666666666664,6.32183908045977e-05,4.890349128221754,8.665785595466064,0,1,0
1,1,2.0,1,0,8799.0,0.0,258.0,360.0,0.0,0,8799.0,0.029321513808387316,0.7166666666666667,8.144864946774255e-05,5.556828061699537,9.082507000466299,0,0,1
1,1,0.0,0,0,4467.0,0.0,120.0,360.0,1.0,1,4467.0,0.026863666890530557,0.3333333333333333,7.462129691814043e-05,4.795790545596741,8.404696160189092,0,0,0
1,0,0.0,1,0,3333.0,0.0,70.0,360.0,1.0,1,3333.0,0.021002100210021003,0.19444444444444445,5.833916725005834e-05,4.2626798770413155,8.111928063310739,0,0,1
1,1,3.0,1,0,3400.0,2500.0,123.0,360.0,0.0,0,5900.0,0.020847457627118645,0.3416666666666667,5.790960451977401e-05,4.820281565605037,8.682877107057168,1,0,0
0,0,0.0,1,0,2378.0,0.0,30.65,360.0,1.0,0,2378.0,0.012888982338099243,0.08513888888888889,3.580272871694234e-05,3.4547381485901854,7.774435510302958,0,0,1
1,1,0.0,1,0,3166.0,2064.0,104.0,360.0,0.0,0,5230.0,0.01988527724665392,0.28888888888888886,5.5236881240705325e-05,4.653960350157523,8.562357743370612,1,0,1
1,1,1.0,1,0,3417.0,1750.0,186.0,360.0,1.0,1,5167.0,0.035997677569189084,0.5166666666666667,9.999354880330302e-05,5.231108616854587,8.550241045462437,1,0,1
1,1,0.0,1,0,5116.0,1451.0,165.0,360.0,0.0,0,6567.0,0.02512562814070352,0.4583333333333333,6.979341150195422e-05,5.111987788356544,8.789964651132264,1,0,1
1,1,2.0,1,0,16666.0,0.0,275.0,360.0,1.0,1,16666.0,0.016500660026401055,0.7638888888888888,4.583516674000293e-05,5.62040086571715,9.721185995542177,0,0,1
1,1,2.0,0,0,6125.0,1625.0,187.0,480.0,1.0,0,7750.0,0.024129032258064516,0.38958333333333334,5.0268817204301076e-05,5.236441962829949,8.955577146281511,1,1,0
1,1,3.0,1,0,6406.0,0.0,150.0,360.0,1.0,0,6406.0,0.023415547923821417,0.4166666666666667,6.504318867728172e-05,5.017279836814924,8.765146421639022,0,1,0
1,1,2.0,1,0,3159.0,461.0,108.0,84.0,1.0,1,3620.0,0.02983425414364641,1.2857142857142858,0.0003551696921862668,4.6913478822291435,8.19450550976564,1,0,1
1,1,0.0,1,0,3087.0,2210.0,136.0,360.0,0.0,0,5297.0,0.02567491032659996,0.37777777777777777,7.131919535166656e-05,4.919980925828125,8.575084669832014,1,1,0
1,0,0.0,1,0,3229.0,2739.0,110.0,360.0,1.0,1,5968.0,0.018431635388739945,0.3055555555555556,5.11989871909443e-05,4.709530201312334,8.69433468816865,1,0,1
1,1,1.0,1,0,1782.0,2232.0,107.0,360.0,1.0,1,4014.0,0.02665670154459392,0.2972222222222222,7.404639317942756e-05,4.68213122712422,8.297792626380861,1,0,0
1,0,0.0,1,0,3182.0,2917.0,161.0,360.0,1.0,1,6099.0,0.026397770126250206,0.44722222222222224,7.33271392395839e-05,5.087596335232384,8.716044050161402,1,0,1
1,1,2.0,1,0,6540.0,0.0,205.0,360.0,1.0,1,6540.0,0.03134556574923547,0.5694444444444444,8.707101597009854e-05,5.327876168789581,8.785845337961213,0,1,0
1,0,0.0,1,0,1836.0,8895.890000000003,90.0,360.0,1.0,0,10731.890000000003,0.008386220880012745,0.25,2.32950580000354e-05,4.51085950651685,9.281068137663516,1,0,1
0,1,0.0,1,0,3166.0,0.0,36.0,360.0,1.0,1,3166.0,0.011370814908401769,0.1,3.158559696778269e-05,3.6109179126442243,8.06054004653864,0,1,0
1,1,1.0,1,0,1880.0,0.0,61.0,360.0,1.0,0,1880.0,0.032446808510638296,0.16944444444444445,9.013002364066194e-05,4.127134385045092,7.53955882930103,0,0,0
1,1,1.0,1,0,2787.0,1917.0,146.0,360.0,0.0,0,4704.0,0.031037414965986394,0.40555555555555556,8.621504157218443e-05,4.990432586778736,8.45638105201948,1,0,0
1,1,1.0,1,0,4283.0,3000.0,172.0,84.0,1.0,0,7283.0,0.02361664149388988,2.0476190476190474,0.00028115049397487953,5.153291594497779,8.8934354408475,1,0,0
1,1,0.0,1,0,2297.0,1522.0,104.0,360.0,1.0,1,3819.0,0.027232259753862266,0.28888888888888886,7.564516598295073e-05,4.653960350157523,8.24800570160062,1,0,1
0,0,0.0,0,0,2165.0,0.0,70.0,360.0,1.0,1,2165.0,0.03233256351039261,0.19444444444444445,8.981267641775726e-05,4.2626798770413155,7.680637427560936,0,1,0
1,0,0.0,1,0,4750.0,0.0,94.0,360.0,1.0,1,4750.0,0.019789473684210527,0.2611111111111111,5.497076023391813e-05,4.553876891600541,8.46611040118692,0,1,0
1,1,2.0,1,1,2726.0,0.0,106.0,360.0,0.0,0,2726.0,0.03888481291269259,0.29444444444444445,0.00010801336920192386,4.672828834461906,7.910957382845589,0,1,0
1,1,0.0,1,0,3000.0,3416.0,56.0,180.0,1.0,1,6416.0,0.008728179551122194,0.3111111111111111,4.8489886395123306e-05,4.04305126783455,8.766705997750515,1,1,0
1,1,2.0,1,1,6000.0,0.0,205.0,240.0,1.0,0,6000.0,0.034166666666666665,0.8541666666666666,0.00014236111111111112,5.327876168789581,8.699681400989514,0,1,0
1,0,3.0,1,1,9357.0,0.0,292.0,360.0,1.0,1,9357.0,0.031206583306615368,0.8111111111111111,8.668495362948713e-05,5.680172609017068,9.143986871426161,0,1,0
1,1,0.0,1,0,3859.0,3300.0,142.0,180.0,1.0,1,7159.0,0.019835172510127112,0.7888888888888889,0.0001101954028340395,4.962844630259907,8.87626525995469,1,0,0
1,1,0.0,1,1,16120.0,0.0,260.0,360.0,1.0,1,16120.0,0.016129032258064516,0.7222222222222222,4.4802867383512545e-05,5.564520407322694,9.687878048875998,0,0,1
1,0,0.0,0,0,3833.0,0.0,110.0,360.0,1.0,1,3833.0,0.02869814766501435,0.3055555555555556,7.971707684726208e-05,4.709530201312334,8.251663923605589,0,0,0
1,1,2.0,0,1,6383.0,1000.0,187.0,360.0,1.0,0,7383.0,0.025328457266693756,0.5194444444444445,7.035682574081599e-05,5.236441962829949,8.907070776182689,1,0,0
1,0,0.0,1,0,2987.0,0.0,88.0,360.0,0.0,0,2987.0,0.02946099765651155,0.24444444444444444,8.183610460142097e-05,4.48863636973214,8.002359546252707,0,1,0
1,1,0.0,1,1,9963.0,0.0,180.0,360.0,1.0,1,9963.0,0.018066847335140017,0.5,5.018568704205561e-05,5.198497031265826,9.20673387638207,0,0,0
1,1,2.0,1,0,5780.0,0.0,192.0,360.0,1.0,1,5780.0,0.03321799307958478,0.5333333333333333,9.22722029988466e-05,5.262690188904886,8.662331957082475,0,0,1
0,0,3.0,1,0,1025.0,8895.890000000003,350.0,180.0,1.0,0,9920.890000000003,0.03527909290396324,1.9444444444444444,0.00019599496057757357,5.860786223465865,9.202498706325038,1,0,1
1,1,0.0,0,0,2894.0,2792.0,155.0,360.0,1.0,1,5686.0,0.027259936686598662,0.4305555555555556,7.572204635166296e-05,5.049856007249537,8.645938147306799,1,0,0
1,1,3.0,1,0,5703.0,0.0,128.0,360.0,1.0,1,5703.0,0.02244432754690514,0.35555555555555557,6.234535429695871e-05,4.859812404361672,8.648922962094131,0,0,1
1,0,0.0,1,0,3676.0,4301.0,172.0,360.0,1.0,1,7977.0,0.021561990723329573,0.4777777777777778,5.989441867591548e-05,5.153291594497779,8.984443032465352,1,0,0
0,1,1.0,1,0,12000.0,0.0,495.87,360.0,1.0,1,12000.0,0.0413225,1.3774166666666667,0.00011478472222222223,6.208328422464883,9.392745258631441,0,1,0
1,1,0.0,0,0,2400.0,3800.0,128.0,180.0,1.0,0,6200.0,0.02064516129032258,0.7111111111111111,0.00011469534050179213,4.859812404361672,8.732465848349879,1,0,1
1,1,1.0,1,0,3400.0,2500.0,173.0,360.0,1.0,1,5900.0,0.029322033898305084,0.48055555555555557,8.145009416195857e-05,5.159055299214529,8.682877107057168,1,1,0
1,1,2.0,0,0,3987.0,1411.0,157.0,360.0,1.0,1,5398.0,0.029084846239347907,0.4361111111111111,8.079123955374418e-05,5.062595033026967,8.593969030218288,1,0,0
1,1,0.0,1,0,3232.0,1950.0,108.0,360.0,1.0,1,5182.0,0.020841373986877652,0.3,5.789270551910459e-05,4.6913478822291435,8.553139318189707,1,0,0
0,0,0.0,1,0,2900.0,0.0,71.0,360.0,1.0,1,2900.0,0.024482758620689656,0.19722222222222222,6.800766283524904e-05,4.276666119016055,7.972810784121404,0,0,0
1,1,3.0,1,0,4106.0,0.0,40.0,180.0,1.0,1,4106.0,0.00974184120798831,0.2222222222222222,5.4121340044379494e-05,3.713572066704308,8.320448113956559,0,0,0
1,1,1.0,1,0,8072.0,240.0,253.0,360.0,1.0,1,8312.0,0.030437921077959576,0.7027777777777777,8.454978077210992e-05,5.537334267018537,9.025575833531088,1,0,1
1,1,2.0,1,0,7583.0,0.0,187.0,360.0,1.0,1,7583.0,0.024660424634049848,0.5194444444444445,6.850117953902736e-05,5.236441962829949,8.933796043934858,0,0,1
0,0,0.0,1,1,4583.0,0.0,133.0,360.0,0.0,0,4583.0,0.02902029238490072,0.36944444444444446,8.06119232913909e-05,4.897839799950911,8.430327258394575,0,1,0
